,id,gender,born,education,employed,income,A_2,N_1,P_1,E_1,A_1,H_1,M_1,R_1,M_2,E_2,LON,H_2,P_2,N_2,A_3,N_3,E_3,H_3,R_2,M_3,R_3,P_3,HAP,participate,insta_user_id,completed,start_q,end_q,network_id,P,E,R,M,A,PERMA,N_EMO,P_EMO,imagecount,private_account
0,920bf027f7d13dbdc7b66b3d3324903c,Male,1975,College graduate,Employed for wages,"$30,000 to $39,999",4,5,5,3,4,5,6,6,5,5,6,5,6,3,3,4,4,4,4,4,4,2,3.0,Yes,619868570.0,true,2016-12-05 14:01:26,2016-12-05 14:02:52,124bd2ceb8,5,3.0,6.0,6.0,4.0,5,5.0,5,465.0,public
1,b433b2bfe49e28d0b7c45925b53084e0,Male,1978,College graduate,Employed for wages,"$20,000 to $29,999",8,0,9,7,7,8,8,9,8,9,0,9,9,0,8,0,6,8,9,8,9,9,9.0,Yes,187920333.0,true,2016-12-05 14:01:52,2016-12-05 14:03:07,2a0f882bcd,9,7.0,9.0,8.0,7.0,9,0.0,9,6.0,public
2,4becd8768d42ffa6ef0a17d827f230a2,Male,1980,High school graduate,Self-employed,"$40,000 to $49,999",7,7,6,9,8,7,6,6,6,9,8,4,5,6,7,7,8,7,7,4,5,5,4.0,Yes,513324264.0,true,2016-12-05 14:01:39,2016-12-05 14:03:13,189800c9df,6,9.0,6.0,6.0,8.0,6,7.0,6,,private
3,01d90eeb34866d03c52925738da7865f,Male,1959,College graduate,Employed for wages,"$10,000 to $19,999",6,4,1,5,3,4,3,3,2,3,8,4,3,5,8,5,4,5,2,2,2,3,3.0,Yes,3437021077.0,true,2016-12-05 14:01:21,2016-12-05 14:03:27,16f1cbee09,1,5.0,3.0,3.0,3.0,1,4.0,1,,private
4,f4f54676f75f47c17dc434cf68845328,Female,1990,High school graduate,Employed for wages,"$80,000 to $89,999",7,3,8,7,7,7,8,8,8,8,3,8,8,3,8,4,7,7,8,7,7,8,7.0,Yes,33420910.0,true,2016-12-05 14:02:42,2016-12-05 14:03:52,f3ff34e4cf,8,7.0,8.0,8.0,7.0,8,3.0,8,767.0,public
5,a27a5fc47a59f35761705330253a58e3,Male,1997,High school graduate,Employed for wages,"$20,000 to $29,999",7,5,7,4,7,6,7,4,6,4,6,8,6,7,3,6,6,6,4,7,3,5,6.0,Yes,2143580844.0,true,2016-12-05 14:02:54,2016-12-05 14:04:08,a48e51bacd,7,4.0,4.0,7.0,7.0,7,5.0,7,43.0,public
6,0a1002b2232a4ecbde604462f6d84bf9,Female,1993,College graduate,A student,"$20,000 to $29,999",7,5,7,4,6,7,7,7,6,7,5,6,2,2,8,2,7,6,6,7,5,8,,Yes,263042348.0,true,2016-12-05 14:02:36,2016-12-05 14:04:43,aae4bbb89a,7,4.0,7.0,7.0,6.0,7,5.0,7,73.0,public
7,310683eb0a1c1dc562f93a494eed6c30,Male,1975,College graduate,Employed for wages,"$70,000 to $79,999",3,3,2,5,4,5,5,4,6,4,6,6,3,6,4,5,5,3,6,4,3,6,6.0,No,3883341710.0,true,2016-12-05 14:04:14,2016-12-05 14:05:13,6481ab2cf6,2,5.0,4.0,5.0,4.0,2,3.0,2,,private
8,588835413f5904ea0a2571d6bf2c8937,Female,1977,High school graduate,Employed for wages,"$50,000 to $59,999",7,5,8,7,7,5,7,8,8,8,1,4,8,2,8,3,7,5,8,7,7,7,8.0,Yes,575216627.0,true,2016-12-05 14:02:53,2016-12-05 14:05:17,83f63de7c3,8,7.0,8.0,7.0,7.0,8,5.0,8,,private
9,bbcc967d77639652fb7e44884bc99553,Female,1990,College graduate,Employed for wages,"$50,000 to $59,999",9,2,9,8,10,10,8,10,10,10,0,10,8,1,10,1,7,10,10,10,10,10,10.0,No,33247544.0,true,2016-12-05 14:03:32,2016-12-05 14:05:21,81e0180d2b,9,8.0,10.0,8.0,10.0,9,2.0,9,,private
10,8393c367c91dbc479eb9bdb2e41e6eb5,Female,1979,High school graduate,Self-employed,"$100,000 to $149,999",7,8,10,10,9,8,8,10,10,8,0,8,10,1,7,1,10,7,10,10,10,10,9.0,Yes,3988856.0,true,2016-12-05 14:03:39,2016-12-05 14:05:37,72aa611d17,10,10.0,10.0,8.0,9.0,10,8.0,10,609.0,public
11,ec67c44722c7dae7f869aa67a27547d6,Female,1992,College graduate,Employed for wages,"$70,000 to $79,999",8,3,8,8,10,9,9,10,10,10,0,9,8,3,9,2,7,9,10,10,10,9,8.0,Yes,1429720420.0,true,2016-12-05 14:04:12,2016-12-05 14:06:31,ced2a626d7,8,8.0,10.0,9.0,10.0,8,3.0,8,16.0,public
12,b6822b40258fa0e68a75c5230a3fdc83,Female,1980,High school graduate,Out of work but not currently looking for work,"$30,000 to $39,999",7,8,1,7,5,5,5,8,3,5,3,4,4,2,5,5,7,5,7,4,5,5,5.0,Yes,53918317.0,true,2016-12-05 14:05:13,2016-12-05 14:06:38,d77ae7c058,1,7.0,8.0,5.0,5.0,1,8.0,1,105.0,public
13,a1ca9251a6cc4c3706ef76f9d0818e3a,Female,1971,College graduate,A homemaker,"$100,000 to $149,999",7,5,7,10,7,7,8,6,7,8,5,5,7,5,7,3,8,7,8,7,6,6,6.0,Yes,1419948220.0,true,2016-12-05 14:05:09,2016-12-05 14:06:49,063dc122d7,7,10.0,6.0,8.0,7.0,7,5.0,7,,private
14,2a3a5b9d06c07d2f03ae4b7366d4bf4e,Female,1990,College graduate,Out of work and looking for work,"$30,000 to $39,999",8,5,7,8,8,8,8,8,8,8,3,9,9,2,7,4,8,8,8,8,8,8,8.0,Yes,458089661.0,true,2016-12-05 14:02:59,2016-12-05 14:07:31,d7075aaf2b,7,8.0,8.0,8.0,8.0,7,5.0,7,,private
15,a3835e8be78d53d3b87e8230e26b3a97,Male,1984,High school graduate,Employed for wages,"$30,000 to $39,999",8,2,5,8,8,7,6,10,7,7,0,8,8,0,10,1,1,9,8,7,10,8,8.0,Yes,1441644483.0,true,2016-12-05 14:09:08,2016-12-05 14:10:37,1aa80a2e02,5,8.0,10.0,6.0,8.0,5,2.0,5,52.0,public
16,2c3579cbf6ddc98313910d9d7fabb70c,Female,1978,High school graduate,A homemaker,"$90,000 to $99,999",7,3,7,8,8,6,7,10,8,7,4,7,8,2,9,3,6,7,8,6,7,9,8.0,Yes,11520833.0,true,2016-12-05 14:08:47,2016-12-05 14:10:57,89140f0f7a,7,8.0,10.0,7.0,8.0,7,3.0,7,312.0,public
17,6a0f53ee72bd354ef913ac3937cc9f93,Female,1983,College graduate,Employed for wages,"$80,000 to $89,999",5,7,7,6,3,6,6,9,6,7,5,2,5,4,9,7,5,4,9,7,8,6,7.0,Yes,374748816.0,true,2016-12-05 14:10:35,2016-12-05 14:12:15,0f49fca7d5,7,6.0,9.0,6.0,3.0,7,7.0,7,,private
18,2bb11103467826cdf8b7ab623acf002e,Female,1963,High school graduate,Self-employed,"$20,000 to $29,999",9,2,7,9,9,8,8,10,9,9,0,9,9,1,10,1,8,8,10,8,10,10,9.0,Yes,589215950.0,true,2016-12-05 14:11:34,2016-12-05 14:13:26,8467356386,7,9.0,10.0,8.0,9.0,7,2.0,7,8.0,public
19,5708f5cb0927d9eae2be26a8844188c9,Female,1989,College graduate,Employed for wages,"$60,000 to $69,999",8,5,7,6,7,9,7,10,9,9,2,9,9,6,8,3,8,9,10,8,10,10,10.0,Yes,56124482.0,true,2016-12-05 14:11:27,2016-12-05 14:13:47,9bb0a11b16,7,6.0,10.0,7.0,7.0,7,5.0,7,,private
20,f524320a94947a285aebffeb3d4bed62,Male,1996,High school graduate,A student,"$10,000 to $19,999",8,2,6,7,7,7,9,8,9,5,5,8,7,1,8,1,6,8,6,9,6,8,7.0,Yes,2111135225.0,true,2016-12-05 14:11:33,2016-12-05 14:15:08,8a37abfafa,6,7.0,8.0,9.0,7.0,6,2.0,6,5.0,public
21,af94b294722ebd6a013d7d0a777d9ef1,Female,1979,College graduate,Employed for wages,"$20,000 to $29,999",10,9,9,8,8,7,7,7,7,7,1,5,9,1,9,1,2,5,10,9,8,8,8.0,Yes,174909693.0,true,2016-12-05 14:14:34,2016-12-05 14:15:55,cebcfd4c6a,9,8.0,7.0,7.0,8.0,9,9.0,9,,private
22,ffea3211066b28da7856348c93477090,Female,1977,College graduate,A homemaker,"$70,000 to $79,999",6,8,5,8,8,9,8,9,8,8,5,9,7,1,6,5,8,9,7,5,5,6,7.0,Yes,478094419.0,true,2016-12-05 14:16:14,2016-12-05 14:18:28,4cfe8d7507,5,8.0,9.0,8.0,8.0,5,8.0,5,,private
23,d328317332b5b402725b2a0a27b9739b,Female,1980,College graduate,Employed for wages,"$30,000 to $39,999",7,7,7,8,8,8,8,8,8,8,5,8,8,8,7,7,7,8,8,8,8,8,7.0,Yes,3937564063.0,true,2016-12-05 14:17:03,2016-12-05 14:18:46,3f1b99fdf5,7,8.0,8.0,8.0,8.0,7,7.0,7,,private
24,885fad61df267191dc98113b39c0b1aa,Female,1992,High school graduate,Employed for wages,"$30,000 to $39,999",10,0,10,10,10,10,10,10,10,10,0,10,10,0,10,0,0,10,10,10,10,10,10.0,Yes,246535583.0,true,2016-12-05 14:19:54,2016-12-05 14:21:31,4074b1963b,10,10.0,10.0,10.0,10.0,10,0.0,10,3.0,public
25,ff1af0e64c9a028328e439f121c5d4b2,Female,1994,College graduate,Employed for wages,"$60,000 to $69,999",6,4,4,6,4,6,4,4,4,6,6,4,6,6,4,5,5,7,4,5,6,5,6.0,Yes,30459359.0,true,2016-12-05 14:20:41,2016-12-05 14:21:37,1338478279,4,6.0,4.0,4.0,4.0,4,4.0,4,92.0,public
26,f241245c4cb97d0607ebcb131b07ea65,Female,1970,High school graduate,Employed for wages,"$80,000 to $89,999",8,4,8,8,8,8,9,9,9,9,0,9,9,1,8,0,7,7,7,7,7,7,8.0,Yes,4228865147.0,true,2016-12-05 14:20:00,2016-12-05 14:22:01,ee77682500,8,8.0,9.0,9.0,8.0,8,4.0,8,,private
27,f6e92380f3e372a37cdccd2adb55aa32,Female,1991,College graduate,Employed for wages,"$20,000 to $29,999",7,4,6,8,7,8,7,7,8,6,3,8,7,2,9,3,7,8,8,7,6,7,8.0,Yes,2264409557.0,true,2016-12-05 14:24:02,2016-12-05 14:25:25,12b28d86a8,6,8.0,7.0,7.0,7.0,6,4.0,6,501.0,public
28,7e1487aa43668f5de139a916c92b1363,Male,1991,College graduate,Employed for wages,"$40,000 to $49,999",8,2,7,2,4,8,7,8,8,7,2,8,8,1,9,1,7,10,8,7,8,7,8.0,Yes,467546900.0,true,2016-12-05 14:25:17,2016-12-05 14:27:24,2a279e5c15,7,2.0,8.0,7.0,4.0,7,2.0,7,,private
29,ca84f63beb074477786a875085e571f8,Male,1983,College graduate,Employed for wages,"$100,000 to $149,999",7,5,7,8,4,6,8,8,8,7,4,7,8,7,6,5,7,8,9,8,8,7,8.0,Yes,509580389.0,true,2016-12-05 14:26:59,2016-12-05 14:28:21,35b8787932,7,8.0,8.0,8.0,4.0,7,5.0,7,,private
30,61d93b845d26ae297f3a2f83cc4929da,Female,1994,College graduate,Employed for wages,"$40,000 to $49,999",8,9,7,8,5,8,6,8,5,6,7,6,10,8,6,8,6,7,6,8,6,9,7.0,No,287562303.0,true,2016-12-05 14:30:51,2016-12-05 14:32:07,edebecd296,7,8.0,8.0,6.0,5.0,7,9.0,7,156.0,public
31,baca9a61d94cc576725eb3f2f92f6ec1,Male,1977,College graduate,Employed for wages,"$90,000 to $99,999",8,4,7,8,6,9,7,8,8,8,2,8,7,2,8,2,8,8,8,8,8,8,9.0,Yes,312682501.0,true,2016-12-05 14:33:05,2016-12-05 14:34:43,3b9eeb63ca,7,8.0,8.0,7.0,6.0,7,4.0,7,266.0,public
32,c857f1f68184f977743ccf9884d647e4,Female,1992,College graduate,Employed for wages,"$20,000 to $29,999",9,1,5,6,5,8,6,8,5,6,6,9,9,2,8,3,7,8,5,7,5,6,7.0,Yes,16791230.0,true,2016-12-05 14:34:31,2016-12-05 14:36:04,09a091ceac,5,6.0,8.0,6.0,5.0,5,1.0,5,,private
33,8eb6d33bcbedd1cbf7d83151eadcd1f1,Female,1989,High school graduate,Self-employed,"$40,000 to $49,999",3,7,5,4,4,7,5,8,3,5,10,3,7,1,7,6,7,7,8,2,6,3,5.0,Yes,2273332370.0,true,2016-12-05 14:34:11,2016-12-05 14:37:11,9b2bc91f8b,5,4.0,8.0,5.0,4.0,5,7.0,5,,private
34,62e6336609a13d670a74a7169b0dabb9,Male,1975,College graduate,Employed for wages,"$30,000 to $39,999",5,2,7,6,6,5,8,5,6,7,4,4,6,4,7,4,5,5,5,7,5,5,4.0,Yes,549083423.0,true,2016-12-05 14:37:13,2016-12-05 14:38:57,53b476a1f9,7,6.0,5.0,8.0,6.0,7,2.0,7,,private
35,7ced69360b257ed2a51d7595d8fde5e7,Male,1992,College graduate,Employed for wages,"$40,000 to $49,999",7,5,8,7,8,7,9,7,6,6,3,8,8,3,9,2,4,5,9,8,9,8,7.0,Yes,2348163295.0,true,2016-12-05 14:37:29,2016-12-05 14:39:20,b9942cdd2c,8,7.0,7.0,9.0,8.0,8,5.0,8,,private
36,40f45a0515bdfd5141760a8102170cbb,Female,1948,High school graduate,Retired,"$30,000 to $39,999",9,9,8,9,9,8,8,6,8,8,7,7,8,3,8,7,9,9,8,8,8,8,8.0,Yes,360155844.0,true,2016-12-05 14:36:13,2016-12-05 14:39:28,0b4b14b563,8,9.0,6.0,8.0,9.0,8,9.0,8,1.0,public
37,fb128eac782314401ef62ddb57eedb28,Female,1987,College graduate,Employed for wages,"$30,000 to $39,999",6,7,8,6,6,8,7,6,7,8,7,8,7,6,8,6,7,7,6,5,5,6,7.0,Yes,143854846.0,true,2016-12-05 14:42:37,2016-12-05 14:44:35,b8d7602a2d,8,6.0,6.0,7.0,6.0,8,7.0,8,739.0,public
38,804d2e260cd9c5b24bcf6a3bd980ca63,Female,1979,High school graduate,Self-employed,"$30,000 to $39,999",4,7,5,5,2,6,2,5,5,6,6,6,6,6,4,7,3,5,6,3,6,6,5.0,Yes,3041716852.0,true,2016-12-05 14:44:37,2016-12-05 14:46:46,87694180e2,5,5.0,5.0,2.0,2.0,5,7.0,5,755.0,public
39,c8d647bb30d06a68850b5e13e3b9ac1b,Female,1990,College graduate,A homemaker,"$20,000 to $29,999",4,8,5,6,4,8,4,1,4,4,7,7,5,5,4,7,7,8,5,3,4,5,5.0,Yes,3468175004.0,true,2016-12-05 14:46:40,2016-12-05 14:48:29,ea076ab820,5,6.0,1.0,4.0,4.0,5,8.0,5,1.0,public
40,2d15b9cf4780dbc720797d8eae8573fc,Female,1988,College graduate,Employed for wages,"$30,000 to $39,999",5,9,5,6,4,5,4,4,4,5,9,4,4,7,5,9,4,5,3,3,2,2,3.0,Yes,2131013055.0,true,2016-12-05 14:51:00,2016-12-05 14:52:54,236423a75e,5,6.0,4.0,4.0,4.0,5,9.0,5,,private
41,45b6e26ad8d3fd01c7ea3d47017d469b,Female,1963,Post graduate degree,Employed for wages,"$100,000 to $149,999",7,6,5,4,7,9,9,10,6,4,5,9,6,1,7,6,7,9,10,9,8,8,7.0,Yes,342361737.0,true,2016-12-05 14:52:19,2016-12-05 14:54:33,7be941e2a7,5,4.0,10.0,9.0,7.0,5,6.0,5,,private
42,7f4215dfcfc8798eee56cb4add348170,Female,1987,College graduate,Out of work and looking for work,"$100,000 to $149,999",7,3,4,8,5,10,4,9,5,5,9,10,4,5,9,8,8,10,9,1,3,4,4.0,Yes,3175192849.0,true,2016-12-05 14:56:32,2016-12-05 14:58:36,8a43e0f5d2,4,8.0,9.0,4.0,5.0,4,3.0,4,1.0,public
43,302b609cf778265c422701ccef126af6,Female,1992,College graduate,Employed for wages,"$50,000 to $59,999",5,8,6,6,6,7,7,7,7,7,6,7,7,2,7,4,7,7,7,6,5,5,6.0,Yes,6734387.0,true,2016-12-05 14:59:15,2016-12-05 15:00:59,f98e283b21,6,6.0,7.0,7.0,6.0,6,8.0,6,464.0,public
44,d3cbd581e36ca09964db98869893bb3c,Female,1974,High school graduate,A homemaker,"$40,000 to $49,999",6,2,4,7,4,3,5,4,5,2,8,1,3,1,6,6,7,3,4,6,3,2,3.0,Yes,1619510.0,true,2016-12-05 15:05:10,2016-12-05 15:07:11,bac6d0bc5f,4,7.0,4.0,5.0,4.0,4,2.0,4,1515.0,public
45,a9df852cc50c62604c6bf1029ed192f9,Female,1975,College graduate,Self-employed,"$60,000 to $69,999",4,9,3,7,3,3,3,4,4,4,6,2,2,2,7,6,8,3,3,2,4,3,3.0,Yes,4156210715.0,true,2016-12-05 15:05:32,2016-12-05 15:07:42,8d128b8331,3,7.0,4.0,3.0,3.0,3,9.0,3,,private
46,df91a83e3f047931e7e53ace08272aea,Female,1994,High school graduate,Employed for wages,"$30,000 to $39,999",3,6,9,6,9,6,10,5,9,8,1,5,8,2,8,2,10,6,10,8,10,7,10.0,Yes,405820344.0,true,2016-12-05 15:06:01,2016-12-05 15:08:07,e675ea43b8,9,6.0,5.0,10.0,9.0,9,6.0,9,,private
47,f393a65df9cfc4211cc17faf5a30b415,Male,1985,College graduate,Employed for wages,"$70,000 to $79,999",4,8,2,5,4,5,1,6,2,2,3,5,3,6,7,6,4,5,6,5,3,3,4.0,No,568105446.0,true,2016-12-05 15:07:39,2016-12-05 15:09:30,f3b44b32f1,2,5.0,6.0,1.0,4.0,2,8.0,2,,private
48,5cbc494367ac78f604e3f73558e326f3,Female,1981,High school graduate,A homemaker,"$70,000 to $79,999",8,6,9,8,7,8,8,7,8,8,8,8,8,6,9,6,9,7,9,7,9,9,9.0,Yes,1439556410.0,true,2016-12-05 15:09:18,2016-12-05 15:11:11,f2e8422065,9,8.0,7.0,8.0,7.0,9,6.0,9,,private
49,1d5f18e8ab7578d140970925d0f03d78,Female,1993,High school graduate,Employed for wages,"$70,000 to $79,999",9,5,9,8,10,9,9,10,10,9,5,7,9,3,9,3,8,9,9,10,8,8,8.0,Yes,1213609331.0,true,2016-12-05 15:13:47,2016-12-05 15:16:43,1fc9daaccb,9,8.0,10.0,9.0,10.0,9,5.0,9,,private
50,c8c89d7384a5e3b791facfd005d8e648,Female,1979,College graduate,Self-employed,"$60,000 to $69,999",7,6,4,6,6,7,5,4,5,5,5,6,6,7,5,5,5,7,6,6,6,6,6.0,Yes,28611432.0,true,2016-12-05 15:09:06,2016-12-05 15:18:07,628b9b4848,4,6.0,4.0,5.0,6.0,4,6.0,4,,private
51,d3cf0f05b504384ad5efcf8775a24eb0,Female,1982,College graduate,Employed for wages,"$40,000 to $49,999",6,7,5,7,5,9,6,4,6,5,3,7,5,5,7,4,3,10,7,7,3,6,6.0,Yes,200608739.0,true,2016-12-05 15:14:50,2016-12-05 15:18:12,369b0d870b,5,7.0,4.0,6.0,5.0,5,7.0,5,,private
52,c2f74a294de0ee559c6311052a712356,Female,1992,College graduate,A homemaker,"$30,000 to $39,999",7,7,8,8,7,7,8,6,7,7,9,5,7,3,8,4,7,6,8,7,7,7,7.0,Yes,3600687598.0,true,2016-12-05 15:18:41,2016-12-05 15:20:44,3c5e9c7d89,8,8.0,6.0,8.0,7.0,8,7.0,8,5.0,public
53,426e69c132498ab5e4b3e9c435f8d3f5,Female,1970,College graduate,A homemaker,"$30,000 to $39,999",8,6,9,8,9,10,9,5,8,9,6,9,9,3,9,5,8,10,9,8,7,6,7.0,Yes,534692206.0,true,2016-12-05 15:17:23,2016-12-05 15:20:48,9da9a891df,9,8.0,5.0,9.0,9.0,9,6.0,9,,private
54,e399dc9313e309546abcaaf01bb6ad2c,Female,1988,College graduate,Employed for wages,"$90,000 to $99,999",7,9,8,8,6,7,10,9,7,9,0,5,9,2,8,4,8,7,10,10,10,10,10.0,Yes,25949581.0,true,2016-12-05 15:20:45,2016-12-05 15:22:59,980dd2476a,8,8.0,9.0,10.0,6.0,8,9.0,8,,private
55,0aa580834877aab4778f544a3631ad91,Female,1990,High school graduate,Employed for wages,"$50,000 to $59,999",4,8,2,7,0,4,4,0,0,0,7,4,4,4,2,9,9,5,7,0,8,5,5.0,Yes,3266770145.0,true,2016-12-05 15:24:28,2016-12-05 15:26:23,3a8a269647,2,7.0,0.0,4.0,0.0,2,8.0,2,,private
56,8565938e196a8cb611de6adafdce5e26,Female,1970,College graduate,Self-employed,"$70,000 to $79,999",8,5,7,8,6,6,6,7,6,7,4,4,7,3,7,3,9,3,9,6,7,8,8.0,Yes,33746400.0,true,2016-12-05 15:30:01,2016-12-05 15:31:25,bb7a7afd74,7,8.0,7.0,6.0,6.0,7,5.0,7,37.0,public
57,3f1576e237dcce5cdf28877ce8142333,Female,1998,High school graduate,A student,"$20,000 to $29,999",5,9,6,6,6,7,7,6,7,5,5,6,5,7,7,7,6,6,7,6,5,5,6.0,Yes,198052508.0,true,2016-12-05 15:30:59,2016-12-05 15:33:46,fec4dfdebb,6,6.0,6.0,7.0,6.0,6,9.0,6,,private
58,871e17cf2c6335713f8083121d7e49bc,Male,1971,High school graduate,Employed for wages,"$70,000 to $79,999",7,4,8,8,8,9,8,9,9,9,1,9,9,4,8,3,9,9,9,9,9,7,9.0,Yes,276587045.0,true,2016-12-05 15:28:09,2016-12-05 15:35:55,3c862125e1,8,8.0,9.0,8.0,8.0,8,4.0,8,,private
59,ef6ade7f7cf9514ed022b8cceed8b1b6,Male,1997,High school graduate,Employed for wages,"$10,000 to $19,999",6,5,7,6,6,8,7,9,8,8,2,8,8,3,7,4,8,10,9,9,8,8,7.0,Yes,189763161.0,true,2016-12-05 15:33:41,2016-12-05 15:36:34,3aebb10857,7,6.0,9.0,7.0,6.0,7,5.0,7,,private
60,c67c31178a3a82fd3194f8f7e05ffaac,Male,1982,College graduate,Employed for wages,"$20,000 to $29,999",10,1,10,6,10,10,10,8,10,10,0,10,10,1,10,1,8,10,10,10,10,10,10.0,Yes,451627351.0,true,2016-12-05 15:34:41,2016-12-05 15:36:43,961123b4c9,10,6.0,8.0,10.0,10.0,10,1.0,10,331.0,public
61,74580ea9dbe12a66941ebcb5a6db94f3,Female,1984,Post graduate degree,Self-employed,"$30,000 to $39,999",7,4,8,7,7,7,6,8,6,7,4,7,7,6,7,4,8,6,8,6,6,6,6.0,Yes,600103903.0,true,2016-12-05 15:33:54,2016-12-05 15:39:04,678828f636,8,7.0,8.0,6.0,7.0,8,4.0,8,,private
62,86c09138a83b2894d0898f31961cc020,Female,1994,College graduate,A student,"Less than $10,000",10,3,8,8,8,6,9,9,9,8,2,4,8,5,10,4,6,5,7,9,10,8,9.0,Yes,205009575.0,true,2016-12-05 15:39:02,2016-12-05 15:41:32,09318a615b,8,8.0,9.0,9.0,8.0,8,3.0,8,,private
63,908c12a6a174905349f0fe7e4d00ff2b,Female,1987,College graduate,Employed for wages,"$150,000 or more",7,8,6,6,8,10,5,9,7,4,6,10,7,1,10,4,4,10,10,5,6,6,6.0,Yes,4185084.0,true,2016-12-05 15:45:05,2016-12-05 15:46:56,73392e2042,6,6.0,9.0,5.0,8.0,6,8.0,6,64.0,public
64,f42008e6f952739a7c3687268d4962d3,Male,1985,College graduate,Employed for wages,"$70,000 to $79,999",6,7,6,5,5,8,6,7,6,7,6,8,6,5,7,4,6,8,6,5,6,6,6.0,Yes,240411786.0,true,2016-12-05 15:45:34,2016-12-05 15:47:06,2a4d1da8a1,6,5.0,7.0,6.0,5.0,6,7.0,6,1.0,public
65,6301d7b772f056bf01a71f8e35cda7a8,Female,1987,High school graduate,Employed for wages,"$40,000 to $49,999",1,10,5,6,2,5,1,4,1,5,4,5,4,3,1,9,8,5,7,1,6,4,3.0,Yes,143796985.0,true,2016-12-05 15:45:15,2016-12-05 15:48:46,9ecf3b5330,5,6.0,4.0,1.0,2.0,5,10.0,5,,private
66,b629e788f781373c447aae0881677d06,Female,1978,College graduate,Employed for wages,"$70,000 to $79,999",8,6,6,8,4,5,5,7,8,7,2,4,7,3,8,4,6,7,10,8,10,7,8.0,Yes,30738858.0,true,2016-12-05 15:46:40,2016-12-05 15:49:07,d34b0ce3f9,6,8.0,7.0,5.0,4.0,6,6.0,6,567.0,public
67,7cb62b1e94bbebd6653280b1049b8b6d,Male,1989,College graduate,Employed for wages,"$30,000 to $39,999",5,1,9,7,7,8,5,3,5,6,2,5,6,0,9,2,4,8,9,1,8,5,5.0,Yes,2542776976.0,true,2016-12-05 15:51:01,2016-12-05 15:52:05,a842ff8d37,9,7.0,3.0,5.0,7.0,9,1.0,9,220.0,public
68,f1b74b51ff61ec808b57a71a9b990086,Male,1993,College graduate,A student,I'd rather not disclose this information,7,10,3,8,7,9,7,8,3,7,10,10,3,6,8,8,7,10,7,6,5,5,3.0,No,1315585829.0,true,2016-12-05 15:50:34,2016-12-05 15:52:16,5e69d805d6,3,8.0,8.0,7.0,7.0,3,10.0,3,,private
69,a68afc8dc7e987bff93ff88eaf0104b4,Male,1976,High school graduate,Employed for wages,"$30,000 to $39,999",8,7,7,9,6,4,8,8,7,6,8,3,6,4,6,8,8,2,7,6,8,4,6.0,Yes,2366318450.0,true,2016-12-05 15:50:32,2016-12-05 15:52:26,2955c3f4bb,7,9.0,8.0,8.0,6.0,7,7.0,7,,private
70,59e6915ce40a5feb0de5a585983cbd4e,Male,1981,High school graduate,Employed for wages,"$100,000 to $149,999",6,3,8,7,7,6,6,6,7,7,0,6,8,2,7,2,6,7,10,7,9,8,8.0,Yes,21697543.0,true,2016-12-05 15:50:32,2016-12-05 15:52:50,3e3566f055,8,7.0,6.0,6.0,7.0,8,3.0,8,354.0,public
71,b6b33e36440b918919378bc31e0fc035,Male,1967,High school graduate,Employed for wages,"$100,000 to $149,999",7,2,8,7,7,8,7,8,8,7,2,7,8,2,8,2,9,8,9,8,9,8,8.0,Yes,3728588955.0,true,2016-12-05 15:52:43,2016-12-05 15:54:36,295dfce7a1,8,7.0,8.0,7.0,7.0,8,2.0,8,,private
72,2d5006132bc8e1a990ff65f4036a1d0e,Female,1992,High school graduate,A homemaker,"$50,000 to $59,999",2,8,5,4,2,5,8,3,3,6,8,2,4,2,10,8,7,3,2,2,3,3,4.0,Yes,48972978.0,true,2016-12-05 15:57:32,2016-12-05 16:00:42,37ee6fda0e,5,4.0,3.0,8.0,2.0,5,8.0,5,209.0,public
73,b6895bee258cf8cd0f6eec133d625b66,Male,1982,College graduate,Employed for wages,"$50,000 to $59,999",3,7,7,3,3,4,4,4,4,3,6,4,4,6,8,7,8,4,4,4,5,2,5.0,Yes,3807589911.0,true,2016-12-05 15:59:29,2016-12-05 16:01:59,b82e6e4a68,7,3.0,4.0,4.0,3.0,7,7.0,7,239.0,public
74,4dc98b140d7afaf5c86dc2880e5e6db2,Female,1977,College graduate,Employed for wages,"$100,000 to $149,999",8,6,10,8,9,7,10,3,10,10,6,4,10,6,10,6,8,7,10,10,8,8,10.0,Yes,4232090901.0,true,2016-12-05 15:59:23,2016-12-05 16:02:21,c8cacfa1cf,10,8.0,3.0,10.0,9.0,10,6.0,10,,private
75,38f482440832b4f4822f59d3da55afa2,Female,1988,College graduate,Employed for wages,"$80,000 to $89,999",8,7,7,7,6,9,9,9,9,9,2,9,9,2,8,2,8,10,10,10,10,6,9.0,Yes,34069800.0,true,2016-12-05 16:02:15,2016-12-05 16:03:37,d063055fd8,7,7.0,9.0,9.0,6.0,7,7.0,7,750.0,public
76,a82161623f82b9e9840aa4ca87273931,Female,1986,High school graduate,A homemaker,"$40,000 to $49,999",4,9,7,8,5,6,9,2,5,9,5,3,7,2,6,3,6,5,8,5,4,6,7.0,Yes,1508580385.0,true,2016-12-05 16:03:31,2016-12-05 16:06:16,d8760dba34,7,8.0,2.0,9.0,5.0,7,9.0,7,178.0,public
77,52ba3eaf01b86ade028bdc52683dff8b,Female,1982,College graduate,Employed for wages,"$100,000 to $149,999",8,6,8,8,6,5,7,8,6,8,4,7,8,5,8,6,8,6,7,8,6,8,6.0,Yes,224422697.0,true,2016-12-05 16:05:37,2016-12-05 16:07:27,b7725f23f1,8,8.0,8.0,7.0,6.0,8,6.0,8,9.0,public
78,95a51942dd4b7b0b4d67fc86ca5f3264,Female,1987,College graduate,Employed for wages,"$40,000 to $49,999",8,10,9,9,7,7,7,9,7,7,3,7,7,4,9,5,9,6,8,7,8,8,8.0,Yes,55520631.0,true,2016-12-05 16:03:56,2016-12-05 16:08:01,593ef92157,9,9.0,9.0,7.0,7.0,9,10.0,9,102.0,public
79,56231813ca9f4369b1f373d31a5cfdf1,Female,1992,High school graduate,Employed for wages,"$20,000 to $29,999",5,5,5,6,6,6,6,6,5,6,6,6,5,6,6,5,6,5,6,6,5,5,5.0,Yes,4220665331.0,true,2016-12-05 16:07:13,2016-12-05 16:08:30,afbc471b88,5,6.0,6.0,6.0,6.0,5,5.0,5,,private
80,66f060a1b006d282e21c8eda915aacbc,Female,1988,College graduate,Employed for wages,"$80,000 to $89,999",8,6,8,10,9,8,10,10,10,8,1,9,8,7,8,3,6,10,10,8,10,7,8.0,Yes,2936420152.0,true,2016-12-05 16:06:44,2016-12-05 16:10:01,44362939f3,8,10.0,10.0,10.0,9.0,8,6.0,8,,private
81,57282ebd5131beb998e177a12b00b79b,Male,1986,College graduate,Employed for wages,"$90,000 to $99,999",6,3,5,4,5,8,5,5,5,4,2,8,5,7,4,6,5,8,6,4,7,5,4.0,Yes,316760531.0,true,2016-12-05 16:11:09,2016-12-05 16:13:03,b7d34dc73a,5,4.0,5.0,5.0,5.0,5,3.0,5,68.0,public
82,6bff87d69ce640113464ce0c035ccf9a,Female,1977,College graduate,Employed for wages,"$50,000 to $59,999",6,9,6,3,4,8,8,2,6,4,6,8,4,4,8,8,8,8,10,7,7,7,6.0,Yes,183823541.0,true,2016-12-05 16:12:18,2016-12-05 16:14:32,3852020859,6,3.0,2.0,8.0,4.0,6,9.0,6,1314.0,public
83,9bb074ee3a4b9c940aa8ba97429d0bea,Female,1976,College graduate,Employed for wages,"$100,000 to $149,999",8,9,5,6,8,7,7,7,5,3,4,7,5,4,10,4,7,7,5,8,7,6,8.0,No,24332473.0,true,2016-12-05 16:13:36,2016-12-05 16:14:47,9eb5a2af48,5,6.0,7.0,7.0,8.0,5,9.0,5,,private
84,67a0714cd4d5ec3e73851c22a1827247,Male,1987,College graduate,Employed for wages,"$40,000 to $49,999",7,1,7,6,6,8,7,7,7,7,1,7,8,1,8,1,2,8,8,9,7,8,8.0,Yes,405179386.0,true,2016-12-05 16:14:41,2016-12-05 16:16:11,c42dcacc7d,7,6.0,7.0,7.0,6.0,7,1.0,7,,private
85,11d93f3f8812798c9d032e985060b396,Male,1994,College graduate,Employed for wages,"$50,000 to $59,999",7,5,8,8,6,9,7,8,6,8,8,6,8,6,9,4,9,7,8,5,8,7,5.0,Yes,1621877741.0,true,2016-12-05 16:16:03,2016-12-05 16:17:32,a55b8f42f4,8,8.0,8.0,7.0,6.0,8,5.0,8,,private
86,5fb5315c9ecefd90b14a3ed4de8c30eb,Female,1985,College graduate,Employed for wages,"Less than $10,000",6,8,7,4,4,7,7,8,3,7,7,6,7,3,2,6,4,6,5,2,6,6,6.0,Yes,52590715.0,true,2016-12-05 16:18:01,2016-12-05 16:20:33,acbabba587,7,4.0,8.0,7.0,4.0,7,8.0,7,461.0,public
87,6100380ccc03703aa37b92f8c97b0705,Female,1994,High school graduate,Self-employed,"$20,000 to $29,999",8,7,8,9,6,7,6,8,6,8,6,8,6,10,8,7,5,8,6,8,7,6,9.0,Yes,1818374728.0,true,2016-12-05 16:23:00,2016-12-05 16:24:16,8c4a47a7f8,8,9.0,8.0,6.0,6.0,8,7.0,8,,private
88,0907a0677fb175ff96db98af51072213,Female,1984,College graduate,A student,"$40,000 to $49,999",7,8,5,6,6,7,7,6,9,8,4,5,5,5,7,7,4,6,7,5,4,4,6.0,Yes,262136545.0,true,2016-12-05 16:22:46,2016-12-05 16:25:02,e2e4467916,5,6.0,6.0,7.0,6.0,5,8.0,5,907.0,public
89,48ea688f2367eb824b081b3f8d1f0b0d,Female,1977,College graduate,Employed for wages,"$90,000 to $99,999",4,5,7,7,6,9,10,8,9,8,4,8,8,2,8,1,8,8,9,7,9,8,8.0,Yes,13745951.0,true,2016-12-05 16:28:45,2016-12-05 16:30:53,360f3e5544,7,7.0,8.0,10.0,6.0,7,5.0,7,710.0,public
90,dd742e23eb0e3e143ce49cb3e7545bfe,Male,1988,College graduate,Employed for wages,"$30,000 to $39,999",9,7,10,7,8,3,3,6,7,8,3,3,8,2,8,3,10,5,7,5,6,7,7.0,Yes,1282197965.0,true,2016-12-05 16:33:04,2016-12-05 16:34:59,a2521b31e4,10,7.0,6.0,3.0,8.0,10,7.0,10,3.0,public
91,eaedd77da06ceba5d3b375c234ab3bda,Male,1991,College graduate,Employed for wages,"$40,000 to $49,999",5,7,6,6,4,5,8,6,6,4,5,7,4,5,5,6,4,7,5,5,6,4,5.0,Yes,1097967773.0,true,2016-12-05 16:39:02,2016-12-05 16:40:22,044b69383c,6,6.0,6.0,8.0,4.0,6,7.0,6,282.0,public
92,8b82877526664b56eda66b3f9fa24d99,Female,1988,High school graduate,Self-employed,"$30,000 to $39,999",7,10,6,8,9,7,8,10,9,9,7,9,7,3,10,2,7,9,10,5,8,9,10.0,Yes,37697884.0,true,2016-12-05 16:41:12,2016-12-05 16:42:49,6854a6b52d,6,8.0,10.0,8.0,9.0,6,10.0,6,,private
93,433259f3b2a1b7d8064280148462c8f7,Female,1994,High school graduate,Employed for wages,"$100,000 to $149,999",8,5,9,9,9,10,9,8,8,9,1,10,10,3,8,2,9,9,9,9,9,10,9.0,Yes,278146069.0,true,2016-12-05 16:43:05,2016-12-05 16:44:47,2070e0f944,9,9.0,8.0,9.0,9.0,9,5.0,9,,private
94,6430b4042b7da96976889862f1e3c372,Female,1982,High school graduate,Self-employed,"$90,000 to $99,999",10,5,8,10,7,9,10,8,10,8,3,8,8,4,10,3,9,10,10,10,8,8,8.0,Yes,2686680287.0,true,2016-12-05 16:45:52,2016-12-05 16:48:41,586dc6e297,8,10.0,8.0,10.0,7.0,8,5.0,8,2.0,public
95,b9907b4409e1bd4de0fa2b39686b3662,Male,1966,Post graduate degree,Out of work and looking for work,"$40,000 to $49,999",7,2,8,8,7,8,10,8,8,9,0,5,10,1,9,1,10,9,10,9,10,10,10.0,Yes,4209224051.0,true,2016-12-05 16:48:08,2016-12-05 16:49:41,91784909e8,8,8.0,8.0,10.0,7.0,8,2.0,8,,private
96,041565cd97960bdff658f2c94a16331c,Male,1978,Post graduate degree,Employed for wages,"$40,000 to $49,999",10,8,7,5,8,5,7,7,9,7,10,7,7,3,10,9,7,3,2,8,9,5,6.0,Yes,459657220.0,true,2016-12-05 16:48:37,2016-12-05 16:49:59,92b10a6b3a,7,5.0,7.0,7.0,8.0,7,8.0,7,,private
97,bbfd56f797205e2abad797b93d52486d,Female,1986,Post graduate degree,Employed for wages,"$100,000 to $149,999",9,0,9,5,9,10,9,9,9,9,9,9,7,1,9,1,8,9,9,10,10,10,10.0,Yes,2003630999.0,true,2016-12-05 16:50:38,2016-12-05 16:51:48,7d3c3483fb,9,5.0,9.0,9.0,9.0,9,0.0,9,39.0,public
98,ae0e35209de109c1db6c277a4d4eb486,Male,1990,College graduate,Employed for wages,"$100,000 to $149,999",5,4,7,8,7,8,7,9,7,8,5,8,7,7,8,3,8,8,8,7,8,7,9.0,No,183242721.0,true,2016-12-05 16:49:11,2016-12-05 16:52:09,8684c09b01,7,8.0,9.0,7.0,7.0,7,4.0,7,27.0,public
99,2e79de15f378d5aba8e1fbdca0c1bc7a,Female,1994,College graduate,Employed for wages,"$30,000 to $39,999",6,7,6,6,4,7,5,7,7,7,2,5,6,4,7,4,7,4,6,5,7,6,6.0,Yes,55281515.0,true,2016-12-05 16:51:03,2016-12-05 16:53:27,988ffc464b,6,6.0,7.0,5.0,4.0,6,7.0,6,331.0,public
100,2bf1ddd385fc9e36ce0c1387719de81e,Female,1964,High school graduate,Employed for wages,"$50,000 to $59,999",7,7,9,9,7,7,8,10,8,10,5,7,7,2,10,2,10,7,10,10,10,8,9.0,Yes,1685907649.0,true,2016-12-05 16:51:02,2016-12-05 16:53:33,dae4d0720d,9,9.0,10.0,8.0,7.0,9,7.0,9,3.0,public
101,adefaf3a701a5a4397ec3a3e759c9bcd,Female,1962,High school graduate,Employed for wages,"$100,000 to $149,999",8,8,8,8,8,8,8,8,8,8,5,7,7,5,8,5,8,8,5,8,5,5,5.0,Yes,4093415907.0,true,2016-12-05 16:51:20,2016-12-05 16:53:33,73e9a6da59,8,8.0,8.0,8.0,8.0,8,8.0,8,,private
102,eba694a3341e326a2d494b4809f50dbf,Female,1987,College graduate,Employed for wages,"$150,000 or more",9,10,8,10,8,8,8,1,7,7,8,6,7,6,9,5,8,6,6,7,9,8,8.0,Yes,2030572751.0,true,2016-12-05 16:53:06,2016-12-05 16:54:56,57786587f5,8,10.0,1.0,8.0,8.0,8,10.0,8,,private
103,a5bc37cb1a423be6e029c07cbcad309b,Female,1991,College graduate,Out of work and looking for work,"$70,000 to $79,999",7,4,7,8,7,7,8,9,8,9,0,7,8,1,6,1,1,8,10,8,10,10,9.0,Yes,373379668.0,true,2016-12-05 16:54:58,2016-12-05 16:56:18,8a1c6b6573,7,8.0,9.0,8.0,7.0,7,4.0,7,,private
104,a53bda5adf685f7a60f1f9a660a0cbc5,Female,1992,College graduate,Employed for wages,"$40,000 to $49,999",8,5,6,6,6,8,6,7,7,7,6,8,7,2,6,3,7,7,7,6,6,7,6.0,Yes,246095675.0,true,2016-12-05 16:56:51,2016-12-05 16:58:22,ec6bc54420,6,6.0,7.0,6.0,6.0,6,5.0,6,542.0,public
105,ab24d228c6f4cc4c0b0388ada701e327,Male,1988,Post graduate degree,Out of work but not currently looking for work,"$70,000 to $79,999",9,3,9,7,8,10,8,5,8,9,2,9,9,2,9,1,7,9,8,9,10,9,9.0,Yes,195148027.0,true,2016-12-05 16:56:36,2016-12-05 16:59:12,ea45f2aa42,9,7.0,5.0,8.0,8.0,9,3.0,9,112.0,public
106,5b6b314aba107b58f7901616fe18e31b,Male,1981,High school graduate,Employed for wages,"$10,000 to $19,999",8,7,6,9,8,8,8,9,9,9,7,8,7,3,9,7,7,10,7,8,6,3,4.0,Yes,4231291939.0,true,2016-12-05 16:57:24,2016-12-05 16:59:35,4ec3a9b501,6,9.0,9.0,8.0,8.0,6,7.0,6,,private
107,edda60857769c75c5d901b1b4605107c,Female,1984,College graduate,Self-employed,"$50,000 to $59,999",6,5,8,8,8,8,7,7,8,9,0,7,9,0,9,3,6,9,10,8,9,8,8.0,Yes,145242840.0,true,2016-12-05 16:59:02,2016-12-05 17:01:10,0822193833,8,8.0,7.0,7.0,8.0,8,5.0,8,339.0,public
108,9ea71cf68ee5cff0d6d10ca03dfd8c95,Male,1987,College graduate,Self-employed,"$50,000 to $59,999",5,4,6,5,6,5,6,5,5,4,6,5,5,4,5,6,6,6,5,4,5,6,5.0,No,235671446.0,true,2016-12-05 17:06:54,2016-12-05 17:07:48,fc04efef05,6,5.0,5.0,6.0,6.0,6,4.0,6,1545.0,public
109,3da1efb588d49632ea8003297789cefd,Male,1997,High school graduate,A student,"$150,000 or more",8,5,5,8,7,3,4,5,4,5,7,4,6,5,4,6,7,6,5,4,5,4,5.0,Yes,27779611.0,true,2016-12-05 17:10:50,2016-12-05 17:12:47,e718a40494,5,8.0,5.0,4.0,7.0,5,5.0,5,,private
110,fb1365bfa092cabe90c110b79684a4a7,Male,1987,College graduate,Employed for wages,"$100,000 to $149,999",8,7,7,5,6,5,8,7,8,8,5,2,8,5,9,6,8,4,8,8,8,7,8.0,Yes,4147997969.0,true,2016-12-05 17:12:02,2016-12-05 17:14:17,fae2962998,7,5.0,7.0,8.0,6.0,7,7.0,7,77.0,public
111,3f13d8e1894ac31f33e0bd86040bc7ae,Female,1989,High school graduate,Self-employed,"$30,000 to $39,999",4,9,4,7,4,4,3,1,2,5,10,4,3,7,6,10,5,4,1,2,2,1,2.0,Yes,31736205.0,true,2016-12-05 17:20:35,2016-12-05 17:22:35,4917f0f2a6,4,7.0,1.0,3.0,4.0,4,9.0,4,1049.0,public
112,c8586be94f22f2be245b6e4598068780,Male,1988,High school graduate,Employed for wages,"$20,000 to $29,999",6,3,5,6,7,5,6,5,7,7,3,3,6,4,8,2,7,6,7,7,6,5,7.0,Yes,230927564.0,true,2016-12-05 17:23:24,2016-12-05 17:24:50,ab2f7ec274,5,6.0,5.0,6.0,7.0,5,3.0,5,22.0,public
113,2b5be4d72e5a3bae9733bdf1752ef444,Female,1988,College graduate,Employed for wages,"$50,000 to $59,999",7,6,8,9,10,7,7,4,10,8,4,3,6,3,9,4,7,6,9,8,6,4,6.0,No,1804133497.0,true,2016-12-05 17:19:36,2016-12-05 17:25:05,d224269524,8,9.0,4.0,7.0,10.0,8,6.0,8,52.0,public
114,38ef7aa1fe951a299fc0ca399f2b7545,Female,1980,College graduate,Employed for wages,"$50,000 to $59,999",8,6,8,8,7,8,7,7,8,8,6,8,8,6,9,5,9,8,8,8,7,7,9.0,Yes,2829661.0,true,2016-12-05 17:25:25,2016-12-05 17:27:11,166771a7e8,8,8.0,7.0,7.0,7.0,8,6.0,8,123.0,public
115,a505ded01951790f7c135ca01297a27e,Female,1992,High school graduate,Employed for wages,"$20,000 to $29,999",7,5,7,6,8,8,7,8,7,8,4,4,7,5,7,4,6,7,6,6,7,7,7.0,Yes,1995324861.0,true,2016-12-05 17:25:59,2016-12-05 17:27:30,ab2f7ec274,7,6.0,8.0,7.0,8.0,7,5.0,7,,private
116,cc637bd9b09190782bfcabcb1444a53e,Female,1964,Post graduate degree,A homemaker,"$100,000 to $149,999",6,3,7,9,7,6,7,9,6,8,3,7,8,1,8,1,3,6,8,7,9,7,7.0,Yes,2925230766.0,true,2016-12-05 17:23:50,2016-12-05 17:27:52,67ce0bdb56,7,9.0,9.0,7.0,7.0,7,3.0,7,,private
117,e96c67e535cb4dadfc2a7a15c95fc310,Male,1995,High school graduate,Out of work and looking for work,"$100,000 to $149,999",5,8,7,8,7,5,5,7,6,7,7,3,4,0,3,7,9,4,9,3,3,3,5.0,Yes,3069744.0,true,2016-12-05 17:25:35,2016-12-05 17:28:25,4dd73dcee9,7,8.0,7.0,5.0,7.0,7,8.0,7,350.0,public
118,0eba923cb8726fdf06aa47cff7cca7ef,Female,1990,College graduate,Employed for wages,"$30,000 to $39,999",9,3,10,8,9,9,8,9,9,10,0,8,7,1,8,1,8,8,9,8,9,8,9.0,Yes,40884826.0,true,2016-12-05 17:26:29,2016-12-05 17:28:37,96c3d883d1,10,8.0,9.0,8.0,9.0,10,3.0,10,,private
119,6eafc75ad056a85b7fafa2aa90694079,Female,1991,College graduate,Employed for wages,"$50,000 to $59,999",8,5,6,9,9,8,8,8,8,8,4,7,7,3,8,4,8,7,8,7,8,7,7.0,Yes,1308763259.0,true,2016-12-05 17:28:52,2016-12-05 17:30:36,3bf6e507e6,6,9.0,8.0,8.0,9.0,6,5.0,6,63.0,public
120,6cf50585494f90e78e970a5dd4d3d45e,Female,1990,College graduate,Self-employed,"$20,000 to $29,999",5,8,6,6,6,10,7,7,7,7,9,7,7,7,7,7,7,9,8,9,6,6,5.0,Yes,289794729.0,true,2016-12-05 17:30:50,2016-12-05 17:32:32,86775f5455,6,6.0,7.0,7.0,6.0,6,8.0,6,815.0,public
121,d6836821f4030c31c0874f33927413a8,Female,1989,College graduate,Employed for wages,"$40,000 to $49,999",8,6,9,9,7,7,8,7,9,8,2,6,9,1,8,2,9,8,9,7,7,5,8.0,No,9458602.0,true,2016-12-05 17:30:41,2016-12-05 17:32:48,f7ca64afd1,9,9.0,7.0,8.0,7.0,9,6.0,9,,private
122,feb998ea3009ddcde25c4f4268768711,Female,1960,Post graduate degree,A homemaker,"$100,000 to $149,999",6,3,7,6,7,8,9,10,9,8,3,6,8,2,6,5,7,8,10,7,10,8,7.0,Yes,2307136298.0,true,2016-12-05 17:36:07,2016-12-05 17:38:10,941accedac,7,6.0,10.0,9.0,7.0,7,3.0,7,23.0,public
123,9ab065a32fe3fd193a40387bbb8868f1,Female,1996,High school graduate,A student,"$10,000 to $19,999",7,3,6,8,8,9,6,4,7,9,9,8,9,5,8,3,8,7,9,9,3,6,7.0,Yes,18504643.0,true,2016-12-05 17:38:32,2016-12-05 17:44:26,6497a7fbfe,6,8.0,4.0,6.0,8.0,6,3.0,6,27.0,public
124,09f83be58086bec52dee1b6303f6b065,Male,1985,Post graduate degree,Employed for wages,"$150,000 or more",8,2,8,8,8,9,8,10,10,10,1,9,9,2,9,2,3,9,9,10,10,8,8.0,Yes,237464830.0,true,2016-12-05 17:43:36,2016-12-05 17:45:16,080f30b67f,8,8.0,10.0,8.0,8.0,8,2.0,8,62.0,public
125,3874b455eefd7fe30e582e2efdbd9e70,Female,1995,College graduate,Employed for wages,"$20,000 to $29,999",7,7,8,8,8,6,8,8,8,8,2,2,8,3,8,3,8,8,8,8,8,8,8.0,Yes,19359900.0,true,2016-12-05 17:46:00,2016-12-05 17:47:33,66dde74fb6,8,8.0,8.0,8.0,8.0,8,7.0,8,,private
126,4f6950c164aa55bf739196e253e25d9d,Female,1961,College graduate,Employed for wages,"$50,000 to $59,999",9,2,9,8,8,8,8,9,10,9,9,9,10,2,9,3,7,8,8,8,9,9,9.0,Yes,293579559.0,true,2016-12-05 17:46:36,2016-12-05 17:47:44,6b3e1484c5,9,8.0,9.0,8.0,8.0,9,2.0,9,,private
127,616bd1ba985a2adbb2c7ad0d814394e3,Female,1983,College graduate,Employed for wages,"$100,000 to $149,999",8,4,5,7,7,6,7,7,7,6,2,4,6,4,5,4,8,5,7,7,6,7,7.0,Yes,1950544520.0,true,2016-12-05 17:50:53,2016-12-05 17:52:41,fdc73a1ee2,5,7.0,7.0,7.0,7.0,5,4.0,5,34.0,public
128,9c829d45996182955ea96454ec895c90,Female,1985,College graduate,A homemaker,"$40,000 to $49,999",7,4,7,7,7,6,7,6,8,8,5,5,7,4,7,4,7,6,7,7,7,7,7.0,Yes,42566739.0,true,2016-12-05 17:51:48,2016-12-05 17:53:22,88a0bd6594,7,7.0,6.0,7.0,7.0,7,4.0,7,115.0,public
129,536d76f47b41a29b423678b1a8f4252e,Female,1994,College graduate,Employed for wages,"Less than $10,000",6,8,3,1,1,2,4,8,3,3,8,0,2,5,5,9,6,3,7,2,5,4,3.0,Yes,650122500.0,true,2016-12-05 17:51:58,2016-12-05 17:54:11,5776fe0409,3,1.0,8.0,4.0,1.0,3,8.0,3,393.0,public
130,fa2953f5c4923ac49a9cb6197901a3ae,Female,1991,High school graduate,A student,"$20,000 to $29,999",6,9,3,5,1,2,5,5,1,3,10,2,2,7,5,8,6,2,5,3,0,0,2.0,Yes,395595054.0,true,2016-12-05 17:55:23,2016-12-05 17:58:05,865d7fc579,3,5.0,5.0,5.0,1.0,3,9.0,3,134.0,public
131,fda0b1e5566489856a6991cde161c346,Female,1984,College graduate,Self-employed,"$80,000 to $89,999",7,7,9,8,5,7,8,10,9,8,2,0,9,3,8,1,9,5,9,6,9,9,9.0,Yes,1623529162.0,true,2016-12-05 17:57:38,2016-12-05 17:59:37,6ceb423174,9,8.0,10.0,8.0,5.0,9,7.0,9,,private
132,9d89d2e9227fe1902ae9ac3d9f0a47c1,Female,1991,College graduate,Employed for wages,"$90,000 to $99,999",10,2,8,7,8,10,9,10,10,10,1,10,10,3,10,2,9,9,9,10,10,10,10.0,Yes,31447990.0,true,2016-12-05 18:00:58,2016-12-05 18:03:04,891654f8aa,8,7.0,10.0,9.0,8.0,8,2.0,8,373.0,public
133,43725238ef8721eb0c819f7311706f08,Male,1981,College graduate,Employed for wages,"$100,000 to $149,999",8,6,6,8,8,9,6,7,8,7,2,8,6,6,9,5,8,9,9,9,9,9,9.0,Yes,4229770700.0,true,2016-12-05 18:07:58,2016-12-05 18:09:29,f8906f348a,6,8.0,7.0,6.0,8.0,6,6.0,6,,private
134,0abe73b495625b98b4a3cd77b2ef7b7e,Female,1972,Post graduate degree,Employed for wages,"$100,000 to $149,999",8,1,9,9,8,8,8,9,9,9,0,8,9,2,10,2,6,8,10,9,10,10,9.0,Yes,3096425.0,true,2016-12-05 18:15:23,2016-12-05 18:17:35,0ec2ce37e6,9,9.0,9.0,8.0,8.0,9,1.0,9,,private
135,7d6938008f54869af47cf2923aaa84d2,Female,1992,High school graduate,A homemaker,"$60,000 to $69,999",7,9,5,8,5,8,6,6,6,6,6,8,5,4,7,5,9,8,6,5,5,5,5.0,Yes,184672025.0,true,2016-12-05 18:16:10,2016-12-05 18:17:51,cd9d54c25b,5,8.0,6.0,6.0,5.0,5,9.0,5,,private
136,4d8e1e22546c8d93ae3dd368e1d7edfc,Female,1981,High school graduate,Employed for wages,"$80,000 to $89,999",7,10,3,8,4,3,4,3,0,5,9,0,5,4,6,10,8,2,0,2,0,3,3.0,Yes,1972315908.0,true,2016-12-05 18:22:05,2016-12-05 18:24:25,896834fe3f,3,8.0,3.0,4.0,4.0,3,10.0,3,1.0,public
137,f250f2368300346b6d78b759937ce553,Female,1976,Post graduate degree,Employed for wages,"$90,000 to $99,999",7,8,7,7,6,2,8,7,5,6,7,3,5,5,8,8,9,2,7,7,6,5,5.0,Yes,545252488.0,true,2016-12-05 18:26:34,2016-12-05 18:28:04,1fef34a8b6,7,7.0,7.0,8.0,6.0,7,8.0,7,4.0,public
138,ad7da8b34c78ab261d06e5e0370fee59,Female,1995,College graduate,Out of work and looking for work,I'd rather not disclose this information,8,3,9,7,7,7,7,8,7,9,2,6,8,2,7,2,10,8,8,6,9,5,8.0,Yes,416455611.0,true,2016-12-05 18:23:50,2016-12-05 18:28:41,c10e799e68,9,7.0,8.0,7.0,7.0,9,3.0,9,197.0,public
139,a32139cbee497f8d33f7c08737b8cbe5,Male,1969,High school graduate,Self-employed,"$20,000 to $29,999",7,8,5,8,5,4,7,10,8,7,5,2,5,7,4,3,6,5,10,7,10,7,6.0,Yes,187539125.0,true,2016-12-05 18:30:19,2016-12-05 18:33:10,3930c88bad,5,8.0,10.0,7.0,5.0,5,8.0,5,1369.0,public
140,547225ffbbbc1231a6e4ad5d56142830,Male,1990,High school graduate,Employed for wages,"$70,000 to $79,999",7,7,7,8,7,8,9,8,8,9,6,8,7,3,6,3,4,7,7,9,8,3,9.0,Yes,858072460.0,true,2016-12-05 18:31:44,2016-12-05 18:34:31,f4eb70ca64,7,8.0,8.0,9.0,7.0,7,7.0,7,,private
141,1d73ec1c551ad40675585c5a6cf19319,Female,1987,College graduate,Employed for wages,"$40,000 to $49,999",8,8,6,8,7,8,8,5,6,7,7,9,5,2,7,8,6,8,10,8,8,9,8.0,Yes,192872688.0,true,2016-12-05 18:39:09,2016-12-05 18:40:21,111eca019b,6,8.0,5.0,8.0,7.0,6,8.0,6,12.0,public
142,94d90fa9a93785eed36bc0ba01c2c223,Female,1989,College graduate,A student,"$40,000 to $49,999",8,7,9,7,6,9,9,5,7,8,7,5,6,4,8,7,5,9,6,6,4,4,8.0,Yes,3633306009.0,true,2016-12-05 18:40:19,2016-12-05 18:42:13,752890b716,9,7.0,5.0,9.0,6.0,9,7.0,9,,private
143,4ff468b28f75a9295cb922fc85741803,Female,1983,Post graduate degree,Employed for wages,"$100,000 to $149,999",8,7,5,7,7,9,7,9,7,8,6,8,7,5,9,6,8,9,9,9,7,7,7.0,Yes,29079538.0,true,2016-12-05 18:44:36,2016-12-05 18:46:18,ad1d68d28f,5,7.0,9.0,7.0,7.0,5,7.0,5,,private
144,039b7d87ca4ad68b1686260f06eab0dc,Female,1985,College graduate,Employed for wages,"$30,000 to $39,999",6,8,5,8,6,6,6,8,4,6,10,6,5,8,4,7,7,6,6,5,5,5,5.0,Yes,176263936.0,true,2016-12-05 18:45:59,2016-12-05 18:47:34,5ee28c02b3,5,8.0,8.0,6.0,6.0,5,8.0,5,,private
145,e737f0a2e3e33baf40129ed274b9c64a,Female,1969,Post graduate degree,Employed for wages,"$150,000 or more",8,7,5,8,7,7,7,8,8,7,5,7,7,4,8,7,7,7,7,7,8,8,8.0,Yes,571630184.0,true,2016-12-05 18:48:13,2016-12-05 18:49:37,de4dc5f398,5,8.0,8.0,7.0,7.0,5,7.0,5,10.0,public
146,28d8db287c51803408a4f0144d778ac6,Female,1994,College graduate,Employed for wages,"$30,000 to $39,999",8,3,6,8,8,7,8,10,10,10,2,9,8,4,10,5,10,8,10,9,10,10,10.0,Yes,25469443.0,true,2016-12-05 18:48:35,2016-12-05 18:50:16,880bb54718,6,8.0,10.0,8.0,8.0,6,3.0,6,947.0,public
147,4e16d2501b6f070c54d4c46b9ecacac4,Male,1985,College graduate,Employed for wages,"$40,000 to $49,999",6,4,7,7,6,6,6,6,6,7,0,6,8,3,6,2,7,7,7,7,7,7,6.0,Yes,244047076.0,true,2016-12-05 18:49:37,2016-12-05 18:52:02,c5b2337954,7,7.0,6.0,6.0,6.0,7,4.0,7,220.0,public
148,334b7dbe54b6db0ba4672ae5f32b7e51,Female,1980,College graduate,Employed for wages,"$30,000 to $39,999",6,4,5,7,5,9,4,8,3,6,5,8,7,4,9,3,7,8,8,4,7,7,7.0,Yes,599417087.0,true,2016-12-05 18:52:02,2016-12-05 18:53:53,1a1d7ad8c5,5,7.0,8.0,4.0,5.0,5,4.0,5,,private
149,5a6d30f666962f0231179e45e89b30e5,Female,1989,High school graduate,Self-employed,"$50,000 to $59,999",10,1,10,10,10,5,9,9,9,9,0,5,9,1,9,1,9,5,10,9,9,9,9.0,Yes,2123557533.0,true,2016-12-05 18:52:37,2016-12-05 18:54:30,f11cdba1c9,10,10.0,9.0,9.0,10.0,10,1.0,10,55.0,public
150,f664d09687680bdcd8de532ae6721210,Male,1995,High school graduate,A student,"$100,000 to $149,999",5,3,8,8,6,7,9,8,9,9,4,8,9,8,5,1,8,9,9,9,7,10,6.0,Yes,414577064.0,true,2016-12-05 18:54:48,2016-12-05 18:55:56,2dd88408b4,8,8.0,8.0,9.0,6.0,8,3.0,8,,private
151,85895bc685678317ddd7bb2e5b69b031,Male,1991,College graduate,Employed for wages,"$40,000 to $49,999",8,7,10,9,6,2,9,9,7,5,7,3,9,0,4,2,7,0,10,10,10,10,10.0,Yes,3256847098.0,true,2016-12-05 18:54:43,2016-12-05 18:56:08,a943156bb1,10,9.0,9.0,9.0,6.0,10,7.0,10,,private
152,46f89cbf913fa7b906b4a4475fe4b8a4,Female,1977,Post graduate degree,Employed for wages,"$40,000 to $49,999",8,10,5,7,8,6,7,5,7,7,8,4,5,7,7,8,7,5,5,5,7,5,5.0,Yes,22377965.0,true,2016-12-05 18:55:50,2016-12-05 18:57:33,aee032d78c,5,7.0,5.0,7.0,8.0,5,10.0,5,,private
153,438e3838a32c35ece06f4a115deeaf6a,Female,1984,College graduate,A homemaker,"$90,000 to $99,999",7,7,5,6,6,9,9,9,9,8,5,9,9,6,8,5,4,9,9,8,10,10,9.0,Yes,7410944.0,true,2016-12-05 18:56:50,2016-12-05 18:58:23,551af3f4c0,5,6.0,9.0,9.0,6.0,5,7.0,5,396.0,public
154,b62dadcbc80b18d44e9e52803151db52,Female,1988,High school graduate,Employed for wages,"$50,000 to $59,999",7,4,8,8,7,6,8,8,10,10,3,6,8,3,8,6,7,7,10,5,6,5,10.0,Yes,2263032511.0,true,2016-12-05 18:56:50,2016-12-05 18:58:38,85ba127ed0,8,8.0,8.0,8.0,7.0,8,4.0,8,,private
155,cafcbe57ba257101b08f7a69984dc47d,Female,1972,College graduate,Out of work but not currently looking for work,"$10,000 to $19,999",5,8,7,7,6,8,6,6,6,7,4,6,6,3,8,3,8,7,8,6,8,7,8.0,Yes,2125642670.0,true,2016-12-05 18:56:22,2016-12-05 18:59:04,9c602544b4,7,7.0,6.0,6.0,6.0,7,8.0,7,54.0,public
156,f239125f69a0402ceef5ed6d5b03d955,Female,1996,High school graduate,A student,"$40,000 to $49,999",7,8,6,7,5,3,4,5,3,5,2,4,3,6,6,8,8,1,3,3,5,6,6.0,Yes,269627464.0,true,2016-12-05 18:58:15,2016-12-05 19:00:05,1fc8fe61e8,6,7.0,5.0,4.0,5.0,6,8.0,6,,private
157,a4f32cec44f3433cbe44dffe900b7835,Male,1977,College graduate,Self-employed,"$60,000 to $69,999",7,2,9,8,8,8,7,8,8,8,1,8,8,0,8,0,8,8,8,7,7,7,7.0,No,1476525818.0,true,2016-12-05 18:57:53,2016-12-05 19:00:41,0ac2e513bb,9,8.0,8.0,7.0,8.0,9,2.0,9,6.0,public
158,93dc4f0127c96b270ffe18707ea9f248,Male,1989,College graduate,Employed for wages,"$50,000 to $59,999",5,5,6,4,7,5,7,6,5,7,5,5,6,4,7,6,5,4,6,5,5,5,4.0,Yes,215578623.0,true,2016-12-05 18:59:27,2016-12-05 19:01:05,1a5bacc6f7,6,4.0,6.0,7.0,7.0,6,5.0,6,64.0,public
159,b3170f1b7c9d39acc40d480012c09c91,Female,1977,Post graduate degree,Employed for wages,"$100,000 to $149,999",9,7,9,9,10,10,8,10,10,10,10,10,10,2,10,1,8,9,9,10,10,10,10.0,Yes,526051197.0,true,2016-12-05 19:00:39,2016-12-05 19:02:18,8381f87f7e,9,9.0,10.0,8.0,10.0,9,7.0,9,4.0,public
160,19aa817bc09f3ce46b8404eb3f7cd741,Female,1986,High school graduate,Out of work and looking for work,"$30,000 to $39,999",5,0,8,8,6,7,7,7,8,7,0,6,7,1,8,1,10,6,10,7,10,9,10.0,Yes,3112721643.0,true,2016-12-05 19:01:04,2016-12-05 19:03:47,9d475bede2,8,8.0,7.0,7.0,6.0,8,0.0,8,,private
161,491ef467d6e838ee514438e69aa69715,Male,1984,College graduate,Employed for wages,"$60,000 to $69,999",6,8,8,9,7,7,7,9,7,8,7,6,7,7,8,8,10,7,7,7,8,7,7.0,Yes,1617538164.0,true,2016-12-05 19:03:45,2016-12-05 19:05:22,c0614c6220,8,9.0,9.0,7.0,7.0,8,8.0,8,1.0,public
162,e0de527f492c9fc7f272854c214f2230,Female,1994,College graduate,Self-employed,"$40,000 to $49,999",6,7,4,5,6,6,5,4,6,5,3,5,6,5,4,6,6,6,6,7,6,6,5.0,Yes,22180590.0,true,2016-12-05 19:03:57,2016-12-05 19:05:42,431f6cd728,4,5.0,4.0,5.0,6.0,4,7.0,4,1363.0,public
163,1a2e52e86377a43e91c073f4a7b852c0,Female,1990,Post graduate degree,A student,"$90,000 to $99,999",9,5,7,7,6,8,7,6,6,7,5,7,7,6,8,4,8,8,8,6,5,6,7.0,Yes,2945558035.0,true,2016-12-05 19:03:20,2016-12-05 19:05:45,7d0a738aab,7,7.0,6.0,7.0,6.0,7,5.0,7,,private
164,da08f0461c4d44cc0d6527229ef8039a,Female,1986,College graduate,A homemaker,"$70,000 to $79,999",9,6,7,8,8,8,8,7,8,8,6,8,7,4,9,4,5,7,8,8,8,8,8.0,Yes,230675093.0,true,2016-12-05 19:08:49,2016-12-05 19:10:45,9e9f9dfa50,7,8.0,7.0,8.0,8.0,7,6.0,7,,private
165,0b8d1730238c13e5cf86665ce5f6413e,Female,1986,Post graduate degree,Employed for wages,"$70,000 to $79,999",7,4,5,6,7,6,7,7,8,8,3,7,8,4,7,4,6,6,7,8,7,7,8.0,Yes,50853245.0,true,2016-12-05 19:10:40,2016-12-05 19:12:27,3793939731,5,6.0,7.0,7.0,7.0,5,4.0,5,642.0,public
166,d3562a5a201e90558da3e3d3208ba371,Female,1985,High school graduate,Employed for wages,"$40,000 to $49,999",3,10,7,9,4,7,7,7,10,10,2,3,6,5,3,9,6,4,7,7,7,7,7.0,Yes,8854187.0,true,2016-12-05 19:02:26,2016-12-05 19:15:39,9ec6dc000d,7,9.0,7.0,7.0,4.0,7,10.0,7,595.0,public
167,ccc0299ba5067514df93515fcf41ee43,Female,1984,Post graduate degree,Employed for wages,"$70,000 to $79,999",7,8,6,7,9,8,5,9,9,8,4,9,7,2,5,5,6,8,9,8,8,8,7.0,Yes,1274400864.0,true,2016-12-05 19:15:17,2016-12-05 19:17:58,3b9600f734,6,7.0,9.0,5.0,9.0,6,8.0,6,,private
168,68528dad5c862b18cc462a5800d05b38,Male,1975,Post graduate degree,Employed for wages,"$100,000 to $149,999",9,3,6,8,6,7,6,3,6,7,6,3,6,2,7,6,7,6,6,6,6,3,5.0,Yes,377681913.0,true,2016-12-05 19:18:03,2016-12-05 19:21:40,421d0a52ab,6,8.0,3.0,6.0,6.0,6,3.0,6,,private
169,0d461b1365da0dc3c504ccf5faae97aa,Female,1979,College graduate,Employed for wages,"$40,000 to $49,999",6,5,6,6,6,7,9,6,8,9,4,5,7,2,7,4,6,8,8,9,8,7,6.0,Yes,2018954078.0,true,2016-12-05 19:20:23,2016-12-05 19:22:55,c50ab97c72,6,6.0,6.0,9.0,6.0,6,5.0,6,9.0,public
170,6f65ddb97b40a8a26fff6c3c4703fda4,Male,1983,College graduate,Self-employed,"$20,000 to $29,999",7,3,8,10,6,8,7,8,7,8,5,8,8,2,8,2,9,9,9,6,7,8,8.0,Yes,1414011473.0,true,2016-12-05 19:21:36,2016-12-05 19:23:59,e6910f14a3,8,10.0,8.0,7.0,6.0,8,3.0,8,98.0,public
171,0f493c86fc2f65c51898e73e40949907,Female,1976,High school graduate,Self-employed,"$100,000 to $149,999",8,7,6,7,6,6,7,6,8,7,2,7,5,5,9,4,6,5,8,7,9,8,8.0,Yes,1249457735.0,true,2016-12-05 19:23:03,2016-12-05 19:25:27,34fabd14d0,6,7.0,6.0,7.0,6.0,6,7.0,6,30.0,public
172,6c33a8ab70caefb3d5ff733f47633ffb,Female,1992,College graduate,A student,"$40,000 to $49,999",8,7,10,9,10,10,10,9,9,10,0,8,10,1,10,1,7,8,10,10,9,9,9.0,Yes,50066142.0,true,2016-12-05 19:23:42,2016-12-05 19:25:45,b026717137,10,9.0,9.0,10.0,10.0,10,7.0,10,,private
173,4b0fdf75eb9260b4dc64c8805f3a0b79,Male,1992,College graduate,Out of work and looking for work,"$150,000 or more",8,7,8,7,8,9,8,9,9,8,8,9,8,4,8,7,9,8,2,3,1,2,3.0,Yes,1484680967.0,true,2016-12-05 19:24:12,2016-12-05 19:26:03,e88526906d,8,7.0,9.0,8.0,8.0,8,7.0,8,51.0,public
174,2892a7fcbf0e4d73d82774e61aae3972,Female,1997,High school graduate,A student,"$100,000 to $149,999",7,5,6,8,8,8,8,9,10,9,6,9,6,4,10,7,8,9,6,6,6,6,4.0,Yes,2270275269.0,true,2016-12-05 19:24:21,2016-12-05 19:26:24,cf895b9db7,6,8.0,9.0,8.0,8.0,6,5.0,6,181.0,public
175,f3f9b56412824297e06daf8eedf6345d,Male,1963,Some high school,Self-employed,"$30,000 to $39,999",6,1,3,8,4,7,1,9,9,10,1,8,8,3,9,3,9,9,8,1,3,6,7.0,Yes,2242726591.0,true,2016-12-05 19:24:05,2016-12-05 19:26:30,d6fd7028fa,3,8.0,9.0,1.0,4.0,3,1.0,3,15.0,public
176,8cf11c373813c9dfb00ef66fafa7f493,Female,1989,Post graduate degree,Employed for wages,"$50,000 to $59,999",7,9,4,6,7,7,5,7,5,7,7,5,2,6,6,8,7,3,8,6,7,5,7.0,Yes,368462342.0,true,2016-12-05 19:34:07,2016-12-05 19:35:26,b609089e5a,4,6.0,7.0,5.0,7.0,4,9.0,4,,private
177,0b9fe4db7f07fb4c289aa073b9f26b04,Female,1988,High school graduate,Employed for wages,"$20,000 to $29,999",7,7,6,8,6,7,7,9,7,8,3,4,5,5,6,6,7,6,7,5,9,8,7.0,Yes,452851338.0,true,2016-12-05 19:35:48,2016-12-05 19:37:36,962dcaaa6e,6,8.0,9.0,7.0,6.0,6,7.0,6,1199.0,public
178,5232e1d4bc3dfd509ff8525edb81b6fe,Female,1959,College graduate,Employed for wages,"$50,000 to $59,999",8,8,6,8,7,7,7,8,9,6,9,6,5,5,6,8,8,7,7,8,9,6,5.0,Yes,1708321363.0,true,2016-12-05 19:46:20,2016-12-05 19:49:17,f40c971a0c,6,8.0,8.0,7.0,7.0,6,8.0,6,100.0,public
179,e5f2fc2f722278d452f3d3dd457cea42,Female,1993,High school graduate,Self-employed,"$80,000 to $89,999",5,10,4,6,5,8,1,3,6,8,10,8,3,7,8,9,8,9,4,2,3,4,3.0,Yes,265063047.0,true,2016-12-05 19:48:55,2016-12-05 19:51:43,ffa299ea8d,4,6.0,3.0,1.0,5.0,4,10.0,4,380.0,public
180,3113abc580f83da4d4f39f1ef8d23e6b,Male,1978,College graduate,Employed for wages,"$90,000 to $99,999",9,1,9,8,9,9,9,10,9,10,1,9,9,1,10,1,5,6,9,9,10,10,9.0,Yes,1710102725.0,true,2016-12-05 19:49:53,2016-12-05 19:52:42,4cb82465b8,9,8.0,10.0,9.0,9.0,9,1.0,9,,private
181,686062aa2e2b4b550ba583898cdc34eb,Female,1996,High school graduate,A student,"Less than $10,000",7,4,5,7,7,8,7,7,7,5,4,7,8,3,8,5,8,7,8,8,6,6,7.0,Yes,369646256.0,true,2016-12-05 19:54:16,2016-12-05 19:55:53,c63a267932,5,7.0,7.0,7.0,7.0,5,4.0,5,,private
182,22c8cd4accca95ac8feb130351eb625d,Female,1992,College graduate,Employed for wages,"$70,000 to $79,999",7,2,4,4,4,7,7,4,5,5,5,6,4,2,6,6,0,5,4,5,3,5,4.0,Yes,359235909.0,true,2016-12-05 19:58:16,2016-12-05 20:00:20,e3815af3c5,4,4.0,4.0,7.0,4.0,4,2.0,4,,private
183,2549e9860715e83db14f1e106747d1d2,Female,1992,College graduate,A homemaker,"$40,000 to $49,999",8,3,8,5,7,6,7,6,6,8,3,5,8,3,8,2,7,6,10,6,8,6,8.0,Yes,190951139.0,true,2016-12-05 19:59:05,2016-12-05 20:01:32,39b4b9f17a,8,5.0,6.0,7.0,7.0,8,3.0,8,,private
184,9f17d08a38fd39f4b988e082f703b0df,Female,1991,College graduate,A homemaker,"$30,000 to $39,999",6,3,7,7,7,10,7,8,8,9,2,9,8,1,8,1,0,8,9,7,9,8,9.0,Yes,288335200.0,true,2016-12-05 20:01:33,2016-12-05 20:02:50,02a62f3d2c,7,7.0,8.0,7.0,7.0,7,3.0,7,674.0,public
185,a7e318f0b03474035aae9a089b6d06e3,Male,1996,High school graduate,Employed for wages,"$20,000 to $29,999",7,5,7,10,8,7,8,6,6,9,3,5,7,3,5,5,8,5,7,10,8,8,6.0,Yes,55190975.0,true,2016-12-05 20:00:30,2016-12-05 20:03:45,00c7c9e5bb,7,10.0,6.0,8.0,8.0,7,5.0,7,,private
186,1f0a242588678a043c0a4f14dc321505,Female,1987,College graduate,A homemaker,"$30,000 to $39,999",6,7,5,6,4,9,5,8,5,6,2,7,6,3,7,6,8,9,10,4,8,5,6.0,Yes,24778542.0,true,2016-12-05 20:06:35,2016-12-05 20:09:09,37da8f97e6,5,6.0,8.0,5.0,4.0,5,7.0,5,,private
187,57994b0718cb8aa3321c8c025ca808a4,Female,1993,College graduate,A student,"$40,000 to $49,999",7,8,4,3,5,7,4,5,3,3,7,7,5,2,5,5,4,7,4,2,3,5,4.0,Yes,225624529.0,true,2016-12-05 20:10:58,2016-12-05 20:12:41,c9fc192fae,4,3.0,5.0,4.0,5.0,4,8.0,4,,private
188,e5fc847e616e52ca8f64e3ed23d4c5f3,Male,1986,College graduate,Employed for wages,"$50,000 to $59,999",4,4,3,5,4,6,3,5,4,3,4,5,4,1,4,7,6,5,8,2,4,4,4.0,Yes,177927806.0,true,2016-12-05 20:15:38,2016-12-05 20:17:47,f38dc197d0,3,5.0,5.0,3.0,4.0,3,4.0,3,,private
189,7a16d1cb49faec5e03ccfa07adf30ea8,Female,1997,High school graduate,A student,"Less than $10,000",9,10,5,7,7,9,8,6,5,5,9,7,4,10,10,10,7,9,7,8,7,7,5.0,Yes,242494547.0,true,2016-12-05 20:17:58,2016-12-05 20:19:55,256112455c,5,7.0,6.0,8.0,7.0,5,10.0,5,82.0,public
190,082764a525546cfc5e35e53a18ab2303,Female,1990,College graduate,Employed for wages,"$30,000 to $39,999",9,6,5,6,7,7,7,5,7,8,4,8,8,4,7,4,8,8,7,8,7,6,7.0,Yes,3972009344.0,true,2016-12-05 20:16:21,2016-12-05 20:20:16,2e207ad9fb,5,6.0,5.0,7.0,7.0,5,6.0,5,,private
191,7bcce5fcadd37f66d072e99f93c61be8,Male,1966,College graduate,Self-employed,"$80,000 to $89,999",7,7,3,8,5,7,5,7,5,4,6,4,4,6,8,6,9,8,8,5,9,8,7.0,Yes,184249078.0,true,2016-12-05 20:19:05,2016-12-05 20:21:22,15648141cb,3,8.0,7.0,5.0,5.0,3,7.0,3,26.0,public
192,c7b88e1dda017f777db5366b2a120df7,Female,1978,College graduate,Employed for wages,I'd rather not disclose this information,7,7,6,5,5,6,5,5,5,5,7,6,5,6,6,7,5,6,5,6,5,5,5.0,Yes,9720581.0,true,2016-12-05 20:20:28,2016-12-05 20:22:39,faa4723067,6,5.0,5.0,5.0,5.0,6,7.0,6,,private
193,2e1d374664ba6d16757152957601ef96,Male,1987,Post graduate degree,Employed for wages,"$70,000 to $79,999",8,3,7,7,3,8,8,7,8,7,3,8,8,3,7,3,3,8,8,8,8,8,7.0,Yes,49846561.0,true,2016-12-05 20:20:55,2016-12-05 20:23:25,ed4e0f5a12,7,7.0,7.0,8.0,3.0,7,3.0,7,51.0,public
194,d9bacb77fb06ce7283190ff890a37efd,Female,1967,High school graduate,Employed for wages,"$30,000 to $39,999",8,6,9,10,10,8,10,10,10,10,4,6,10,2,9,3,10,7,10,10,9,10,10.0,Yes,1992874107.0,true,2016-12-05 20:27:47,2016-12-05 20:29:43,fb08d9007b,9,10.0,10.0,10.0,10.0,9,6.0,9,,private
195,3c773109ed1b90a553a18d1f3537dfe3,Female,1975,College graduate,Employed for wages,"$80,000 to $89,999",7,8,6,7,6,7,7,8,8,6,8,6,6,6,6,6,7,7,7,7,5,5,6.0,Yes,4010519056.0,true,2016-12-05 20:28:46,2016-12-05 20:31:08,0a92ac99d6,6,7.0,8.0,7.0,6.0,6,8.0,6,,private
196,acc994fc8253601fe5ee7671b89f4be0,Female,1989,College graduate,Employed for wages,"$40,000 to $49,999",6,4,9,6,7,10,7,7,9,8,3,9,9,1,10,2,3,9,10,8,8,6,9.0,Yes,2486800367.0,true,2016-12-05 20:36:21,2016-12-05 20:38:11,41eaa38056,9,6.0,7.0,7.0,7.0,9,4.0,9,12.0,public
197,2e832db31b6af18476cfdd0f4eba8ea8,Male,1996,College graduate,Employed for wages,"$10,000 to $19,999",6,4,4,3,6,5,8,3,6,4,6,8,3,3,3,7,4,6,4,7,6,2,6.0,Yes,1697174382.0,true,2016-12-05 20:36:59,2016-12-05 20:38:24,58d33622c3,4,3.0,3.0,8.0,6.0,4,4.0,4,,private
198,28846da0d32df7847fa31d2eb20c093f,Male,1993,High school graduate,Self-employed,"$100,000 to $149,999",6,6,6,8,2,5,4,8,3,2,5,5,4,3,5,6,8,5,5,2,1,3,4.0,Yes,501869203.0,true,2016-12-05 20:35:41,2016-12-05 20:39:12,1c47676071,6,8.0,8.0,4.0,2.0,6,6.0,6,,private
199,a8c0dd036b61e865ea16d081e2dcd742,Male,1992,High school graduate,Self-employed,"$30,000 to $39,999",6,6,2,8,6,5,6,1,3,7,7,3,5,5,5,5,8,4,3,3,1,3,5.0,Yes,3232684482.0,true,2016-12-05 20:37:18,2016-12-05 20:39:14,7e4be2c318,2,8.0,1.0,6.0,6.0,2,6.0,2,1.0,public
200,776597e9085e67cbbfab13bc17179148,Male,1992,High school graduate,Employed for wages,"$30,000 to $39,999",8,5,9,8,7,8,10,10,8,9,2,5,7,8,7,3,2,4,10,9,10,8,9.0,No,4232833468.0,true,2016-12-05 20:35:31,2016-12-05 20:39:51,8efdc0ee8d,9,8.0,10.0,10.0,7.0,9,5.0,9,,private
201,8cd72d4d4af88819d6970b04fd330729,Male,1981,College graduate,Employed for wages,"$150,000 or more",7,5,6,8,7,8,8,6,6,6,7,8,8,5,8,2,9,7,7,10,8,8,9.0,Yes,31269626.0,true,2016-12-05 20:43:08,2016-12-05 20:45:21,dc634efae3,6,8.0,6.0,8.0,7.0,6,5.0,6,,private
202,b337c725f0ca197d0a96911092729883,Female,1964,College graduate,Out of work and looking for work,"$50,000 to $59,999",8,5,7,7,6,9,8,8,9,8,5,5,9,1,9,3,6,6,8,7,8,6,7.0,Yes,555477511.0,true,2016-12-05 20:42:20,2016-12-05 20:45:44,c32bfec2b6,7,7.0,8.0,8.0,6.0,7,5.0,7,670.0,public
203,0ca81cd03c7d57e8076e75ca582d9968,Male,1971,High school graduate,Employed for wages,"$20,000 to $29,999",3,9,2,10,8,5,7,2,9,9,8,3,6,1,4,7,9,6,1,9,6,2,3.0,Yes,2092276386.0,true,2016-12-05 20:43:42,2016-12-05 20:45:51,95c50e9ea3,2,10.0,2.0,7.0,8.0,2,9.0,2,356.0,public
204,44b439951f9ae7456e86c6b554199478,Female,1985,College graduate,Employed for wages,"$100,000 to $149,999",7,4,8,7,6,7,6,7,6,8,3,5,6,1,6,4,8,8,8,9,9,9,9.0,Yes,342522205.0,true,2016-12-05 20:44:13,2016-12-05 20:46:46,02df96fe36,8,7.0,7.0,6.0,6.0,8,4.0,8,,private
205,96a4dfc70777e97b9d0a57d00946c6cd,Female,1993,College graduate,Employed for wages,"$20,000 to $29,999",8,9,8,10,10,9,7,8,10,9,1,5,7,1,7,3,9,9,10,6,9,7,8.0,Yes,898090810.0,true,2016-12-05 20:45:05,2016-12-05 20:47:59,e3826d5f49,8,10.0,8.0,7.0,10.0,8,9.0,8,23.0,public
206,b9eba90f08c5af8b74b8800b96cda96e,Male,1994,College graduate,Employed for wages,"$30,000 to $39,999",8,6,7,9,7,5,9,7,8,8,5,6,5,6,6,4,7,5,6,8,6,6,7.0,Yes,3089421045.0,true,2016-12-05 20:47:51,2016-12-05 20:49:24,674b9a5f70,7,9.0,7.0,9.0,7.0,7,6.0,7,,private
207,4edc6503b585e1d36579c480075abd32,Female,1992,High school graduate,Employed for wages,"$60,000 to $69,999",8,5,8,9,6,6,8,6,9,9,3,4,7,4,6,3,8,6,10,10,9,9,10.0,No,143763900.0,true,2016-12-05 20:49:05,2016-12-05 20:51:36,3567642f7d,8,9.0,6.0,8.0,6.0,8,5.0,8,771.0,public
208,515e04938b2bd326907fa0bd6594d935,Female,1982,College graduate,Employed for wages,"$20,000 to $29,999",7,9,9,9,9,10,7,7,6,8,1,6,9,5,7,4,3,7,7,7,10,8,9.0,No,427441318.0,true,2017-02-06 15:55:24,2017-02-06 15:58:20,4769353799,9,9.0,7.0,7.0,9.0,9,9.0,9,,private
209,868bd12778faaee67acb4a80ed0f840e,Female,1989,High school graduate,A homemaker,"$100,000 to $149,999",6,9,6,7,6,8,7,5,5,6,7,6,6,5,8,7,7,8,7,6,8,6,6.0,Yes,249861555.0,true,2017-02-08 14:54:44,2017-02-08 14:57:12,f4fe56a23b,6,7.0,5.0,7.0,6.0,6,9.0,6,689.0,public
210,21d5e86b0259b90ec1d02b63434b77df,Male,1989,High school graduate,Employed for wages,"$30,000 to $39,999",10,2,10,10,10,10,10,8,9,9,1,9,9,2,8,1,6,10,10,10,10,5,10.0,Yes,1434205898.0,true,2017-02-08 15:07:18,2017-02-08 15:09:14,9059c2464f,10,10.0,8.0,10.0,10.0,10,2.0,10,,private
211,56c63d93d21eb70a943bbf4b2493cdbd,Male,1992,College graduate,Self-employed,"$80,000 to $89,999",6,4,6,3,6,7,6,4,4,5,5,5,5,6,7,3,6,6,7,6,6,5,5.0,Yes,3896644149.0,true,2017-02-08 15:20:28,2017-02-08 15:24:05,f1f5639358,6,3.0,4.0,6.0,6.0,6,4.0,6,5.0,public
212,bb1cdf4cd58673f83b1c8f0c91183c1a,Female,1995,College graduate,Employed for wages,"$20,000 to $29,999",7,6,8,7,7,6,7,6,7,6,7,5,7,5,8,5,4,8,8,5,8,9,5.0,Yes,703978203.0,true,2017-02-08 16:00:07,2017-02-08 16:01:21,07aaab21af,8,7.0,6.0,7.0,7.0,8,6.0,8,1530.0,public
213,a7dfbd0b7850fa44a4c6e64ccb6b6787,Female,1988,College graduate,Self-employed,"$30,000 to $39,999",7,8,6,6,6,7,7,7,7,6,8,5,6,3,5,5,8,5,6,6,6,5,6.0,Yes,326027405.0,true,2017-02-08 16:10:06,2017-02-08 16:13:33,cdf2d70640,6,6.0,7.0,7.0,6.0,6,8.0,6,,private
214,2676319be4d3bfbf20e5abad16794a5d,Female,1981,Post graduate degree,A homemaker,I'd rather not disclose this information,7,10,5,8,8,9,7,7,8,6,8,9,4,4,7,8,5,8,6,5,4,5,5.0,Yes,18108188.0,true,2017-02-08 16:54:32,2017-02-08 16:56:41,91512bdced,5,8.0,7.0,7.0,8.0,5,10.0,5,106.0,public
215,78f5a11b7fbc23ce0d0768eb6935c6da,Female,1968,High school graduate,Employed for wages,"$40,000 to $49,999",4,7,6,6,5,6,6,7,6,7,7,7,7,3,7,3,3,7,8,5,5,4,7.0,Yes,4519565167.0,true,2017-02-08 18:09:35,2017-02-08 18:12:24,328e1aab97,6,6.0,7.0,6.0,5.0,6,7.0,6,,private
216,07c7d2553943818c3c9ab56e895b61e5,Female,1984,High school graduate,Out of work but not currently looking for work,"$30,000 to $39,999",4,6,8,6,6,5,5,8,8,10,7,1,7,7,10,6,10,2,10,5,5,5,8.0,Yes,30688353.0,true,2017-02-08 20:41:55,2017-02-08 20:44:28,18865fe3e0,8,6.0,8.0,5.0,6.0,8,6.0,8,81.0,public
217,7daadfc54329fef566090c46923d3e24,Male,1994,College graduate,Self-employed,"$20,000 to $29,999",10,3,10,10,10,10,10,10,10,10,3,10,10,3,10,3,10,10,10,10,10,10,10.0,No,4210508133.0,true,2017-02-08 21:33:29,2017-02-08 21:37:30,4bfaad1c39,10,10.0,10.0,10.0,10.0,10,3.0,10,,private
218,b88e95c92422d8f171913850f9e1a50f,Female,1991,High school graduate,Self-employed,"$20,000 to $29,999",2,10,4,4,2,1,3,3,3,2,6,0,4,6,3,7,2,0,7,2,5,3,3.0,Yes,46329534.0,true,2017-02-08 21:37:11,2017-02-08 21:39:28,9b347443e9,4,4.0,3.0,3.0,2.0,4,10.0,4,501.0,public
219,705c5ba508f088ae6cda4cd547096b52,Female,1974,High school graduate,Unable to work,"$70,000 to $79,999",2,9,2,5,2,5,5,7,5,2,6,2,4,6,6,6,2,1,9,2,3,4,4.0,Yes,345836709.0,true,2017-02-08 23:33:15,2017-02-08 23:35:45,c29494a179,2,5.0,7.0,5.0,2.0,2,9.0,2,7.0,public
220,805bd83eaf851d50e2fa1ef2218ca977,Female,1995,College graduate,Self-employed,"$20,000 to $29,999",6,4,7,7,6,6,4,4,4,6,8,6,6,5,6,6,5,5,6,8,8,7,7.0,Yes,703978203.0,true,2017-02-08 23:47:28,2017-02-08 23:48:25,27cb972eaf,7,7.0,4.0,4.0,6.0,7,4.0,7,1530.0,public
221,372795fc7540054629eb3f654bace077,Female,1977,College graduate,Out of work and looking for work,"$30,000 to $39,999",8,6,9,9,9,9,10,8,10,10,4,10,10,4,9,5,6,10,10,10,10,10,8.0,Yes,1224423305.0,true,2017-02-09 00:11:09,2017-02-09 00:13:55,0168e7230d,9,9.0,8.0,10.0,9.0,9,6.0,9,41.0,public
222,b9cbf47f9ca01a127e487f680410c679,Male,1986,College graduate,Unable to work,"$80,000 to $89,999",6,8,7,8,5,4,4,6,6,6,8,3,5,5,4,8,8,4,6,4,5,6,5.0,Yes,3092060835.0,true,2017-02-09 02:16:07,2017-02-09 02:20:12,bc544def84,7,8.0,6.0,4.0,5.0,7,8.0,7,31.0,public
223,f771c2daf88800a7e7296cdc2bec927e,Female,1992,High school graduate,Out of work and looking for work,"Less than $10,000",7,4,6,10,6,5,7,1,8,10,3,4,4,3,7,10,7,6,10,5,10,10,10.0,Yes,14063475.0,true,2017-02-09 03:03:30,2017-02-09 03:06:04,0f78171bc8,6,10.0,1.0,7.0,6.0,6,4.0,6,,private
224,1faf5d69e4ccbb66abea6b3db4f16820,Female,1995,High school graduate,A student,"Less than $10,000",7,8,7,5,7,8,6,8,6,8,9,5,7,2,6,6,7,6,8,5,5,7,8.0,Yes,2004139606.0,true,2017-02-09 04:11:17,2017-02-09 04:13:34,ee5cb4eb43,7,5.0,8.0,6.0,7.0,7,8.0,7,16.0,public
225,09f8b25bd3d76c3f0328f1dde8088f11,Female,1964,High school graduate,A homemaker,"$40,000 to $49,999",9,3,7,5,9,10,10,9,10,8,1,10,8,2,9,5,8,10,10,10,9,10,9.0,Yes,3608561095.0,true,2017-02-09 09:35:52,2017-02-09 09:38:58,84fc9f1800,7,5.0,9.0,10.0,9.0,7,3.0,7,,private
226,d61cec21ade33abaf7088852b051f9e0,Female,1959,High school graduate,A homemaker,"$100,000 to $149,999",7,8,7,9,8,7,7,8,8,7,3,5,8,4,7,8,9,6,7,8,6,5,7.0,Yes,1753541345.0,true,2017-02-09 14:29:29,2017-02-09 14:32:31,26119daff2,7,9.0,8.0,7.0,8.0,7,8.0,7,199.0,public
227,646bfe9e96cad04d845ab1f8a143b7ac,Female,1990,College graduate,Employed for wages,"$20,000 to $29,999",5,7,8,7,6,5,5,4,5,5,5,6,6,4,5,7,8,6,5,5,5,4,5.0,Yes,2075337221.0,true,2017-02-09 15:22:16,2017-02-09 15:24:53,7a650af64a,8,7.0,4.0,5.0,6.0,8,7.0,8,,private
228,239522c2ac89c1ee2a319c7ef2766360,Male,1994,College graduate,Employed for wages,"$50,000 to $59,999",8,6,6,5,7,7,7,8,8,9,2,7,9,1,8,2,9,6,10,10,10,10,10.0,Yes,203407563.0,true,2017-02-09 15:46:38,2017-02-09 15:48:00,72d902358c,6,5.0,8.0,7.0,7.0,6,6.0,6,96.0,public
229,caa0814b93683bcf5f37d666e1d2d9a3,Male,1986,College graduate,Employed for wages,"$50,000 to $59,999",8,4,8,10,9,10,10,5,10,10,0,9,10,1,9,1,8,9,10,10,9,6,8.0,Yes,2262925176.0,true,2017-02-09 16:20:36,2017-02-09 16:24:48,18ef815664,8,10.0,5.0,10.0,9.0,8,4.0,8,5.0,public
230,e08855981132dce5abde83bf8bed824f,Female,1993,College graduate,Employed for wages,"$20,000 to $29,999",9,6,7,6,9,7,7,8,9,10,3,6,10,2,8,2,9,8,9,10,6,8,8.0,Yes,31570659.0,true,2017-02-09 19:24:34,2017-02-09 19:26:12,0c8d86898f,7,6.0,8.0,7.0,9.0,7,6.0,7,,private
231,16f9d35f81ec6ed58936e13177e9c6a9,Female,1980,High school graduate,Unable to work,"$10,000 to $19,999",9,7,8,10,9,5,8,6,8,9,4,4,7,5,10,5,10,4,7,9,8,8,8.0,Yes,1821628907.0,true,2017-02-09 20:25:38,2017-02-09 20:27:48,82a589f6eb,8,10.0,6.0,8.0,9.0,8,7.0,8,3.0,public
232,8f06a3e354676f472b6736fdcf24799e,Male,1971,Post graduate degree,Employed for wages,"$150,000 or more",8,7,8,8,9,7,9,7,9,9,7,5,8,3,9,4,8,5,8,8,6,6,8.0,Yes,4302362984.0,true,2017-02-10 00:24:24,2017-02-10 00:27:44,a225ce2d5c,8,8.0,7.0,9.0,9.0,8,7.0,8,,private
233,9173081fc1a15b04e8b5a3b5ebd624d6,Female,1994,High school graduate,A student,I'd rather not disclose this information,6,7,6,6,5,5,6,7,7,6,6,5,5,6,5,6,6,6,8,7,7,6,6.0,Yes,206726006.0,true,2017-02-10 01:02:16,2017-02-10 01:05:17,4c0b48497f,6,6.0,7.0,6.0,5.0,6,7.0,6,385.0,public
234,f482517c1672ef7a14794018d5800757,Male,1997,High school graduate,A student,"Less than $10,000",5,2,10,4,4,4,8,7,9,6,3,5,7,7,6,4,5,6,7,6,8,8,7.0,Yes,3524145555.0,true,2017-02-10 16:29:54,2017-02-10 16:34:47,3c5caab064,10,4.0,7.0,8.0,4.0,10,2.0,10,,private
235,5e6cb9a326617372e1472dace6ee20e4,Male,1961,College graduate,Self-employed,"$30,000 to $39,999",8,5,6,9,8,4,8,5,8,8,8,4,7,1,9,6,9,4,7,7,6,8,7.0,Yes,1424070153.0,true,2017-02-10 22:11:03,2017-02-10 22:14:46,f6bbc6c153,6,9.0,5.0,8.0,8.0,6,5.0,6,,private
236,66dc2f3e4615fdbe5771bcca9677524e,Female,1996,High school graduate,A student,"$30,000 to $39,999",6,7,5,7,4,5,7,7,5,6,6,5,5,6,5,7,3,6,6,6,4,6,6.0,Yes,2010977006.0,true,2017-02-11 01:18:07,2017-02-11 01:20:56,bcadf689e9,5,7.0,7.0,7.0,4.0,5,7.0,5,31.0,public
237,8c70cfc49a10c73e7ad6d7c7fce6982e,Male,1994,High school graduate,Self-employed,"$40,000 to $49,999",6,4,7,6,7,8,7,6,6,6,6,7,7,5,8,8,5,7,7,7,6,8,9.0,Yes,1556973431.0,true,2017-02-11 02:02:29,2017-02-11 02:07:24,2c38401013,7,6.0,6.0,7.0,7.0,7,4.0,7,8.0,public
238,625d45824420b069fb579e1732edca02,Female,1985,College graduate,Self-employed,"$20,000 to $29,999",8,9,9,9,8,7,8,5,7,9,6,7,9,5,9,5,10,7,6,8,5,7,7.0,Yes,2062266819.0,true,2017-02-11 03:57:19,2017-02-11 04:20:07,595a3109b7,9,9.0,5.0,8.0,8.0,9,9.0,9,272.0,public
239,603b077e38af2a02ba35261c7cfedda0,Female,1975,College graduate,Self-employed,"$10,000 to $19,999",8,6,9,8,9,9,8,8,8,9,3,10,9,2,8,2,7,10,8,8,8,8,8.0,Yes,241248262.0,true,2017-02-11 07:57:38,2017-02-11 07:59:43,b973fcc591,9,8.0,8.0,8.0,9.0,9,6.0,9,,private
240,d204d076234fce8717f74a0f4086a487,Male,1994,High school graduate,A student,"$50,000 to $59,999",8,6,9,7,6,8,5,6,4,9,3,7,8,2,8,3,10,8,7,3,8,6,9.0,No,350183786.0,true,2017-02-11 20:51:51,2017-02-11 20:54:22,a85a9aebd9,9,7.0,6.0,5.0,6.0,9,6.0,9,,private
241,4bcbd9fa038c501b624143289c6e9f88,Female,1995,High school graduate,Employed for wages,"$20,000 to $29,999",10,10,9,6,10,8,10,9,10,9,10,5,7,3,10,6,6,7,7,8,8,6,9.0,Yes,2742302905.0,true,2017-02-12 08:53:52,2017-02-12 08:57:50,03d57388fa,9,6.0,9.0,10.0,10.0,9,10.0,9,,private
242,25e1f0949f6ad80d99fda084d0d9b74a,Male,1991,Post graduate degree,Employed for wages,"$70,000 to $79,999",8,4,7,3,8,9,9,7,9,6,2,9,8,3,8,2,4,9,9,8,9,6,8.0,Yes,4325490978.0,true,2017-02-12 20:52:45,2017-02-12 20:54:45,48f3b5211d,7,3.0,7.0,9.0,8.0,7,4.0,7,,private
243,2cee68c19c005d30bfaec4141b851a32,Male,1995,High school graduate,A student,"Less than $10,000",8,8,8,7,9,9,10,9,7,8,7,9,9,8,10,9,7,10,9,8,7,6,6.0,Yes,1948310152.0,true,2017-02-12 23:49:42,2017-02-12 23:53:07,f478e7c073,8,7.0,9.0,10.0,9.0,8,8.0,8,1.0,public
244,ab563a1eee2862e10b2c7aebca8116cc,Female,1997,High school graduate,Out of work but not currently looking for work,"$10,000 to $19,999",6,3,5,3,7,7,8,7,2,7,3,6,6,4,7,7,4,7,4,8,7,6,4.0,Yes,2288193917.0,true,2017-02-13 02:23:59,2017-02-13 02:25:27,065c1e4a8f,5,3.0,7.0,8.0,7.0,5,3.0,5,,private
245,70bceaa3054145033cc51a4c613fdc9f,Male,1990,High school graduate,Employed for wages,"Less than $10,000",6,0,10,10,10,10,10,10,10,10,0,10,10,0,10,0,10,10,10,10,10,10,10.0,No,4631761431.0,true,2017-02-13 10:17:49,2017-02-13 10:19:12,52d97ca232,10,10.0,10.0,10.0,10.0,10,0.0,10,,private
246,eea88469b97051d023bba960feaf4092,Female,1962,College graduate,Employed for wages,"$10,000 to $19,999",8,5,6,7,8,7,7,7,8,8,4,7,7,6,7,4,4,5,6,8,6,6,6.0,Yes,4111339644.0,true,2017-02-13 13:51:20,2017-02-13 13:54:20,d607beea68,6,7.0,7.0,7.0,8.0,6,5.0,6,,private
247,f695ec9cbd1fd78c51c9934656428159,Male,1980,College graduate,Self-employed,"Less than $10,000",4,5,5,3,3,7,7,6,3,7,7,8,6,3,6,3,5,7,8,10,8,6,7.0,Yes,4041810979.0,true,2017-02-13 15:35:23,2017-02-13 15:40:56,1fa6672f4a,5,3.0,6.0,7.0,3.0,5,5.0,5,,private
248,d84de0f1e07f3d99bb6c92646f555d7a,Female,1985,College graduate,Self-employed,"Less than $10,000",8,7,7,6,8,5,6,5,6,7,4,5,6,3,7,4,8,4,6,7,5,7,6.0,Yes,494837119.0,true,2017-02-13 15:38:42,2017-02-13 15:41:01,c137e4ae03,7,6.0,5.0,6.0,8.0,7,7.0,7,235.0,public
249,452625c9408b8eff196b2555101f4952,Female,1996,High school graduate,Employed for wages,"$30,000 to $39,999",6,8,8,9,3,8,5,7,4,8,9,9,7,8,3,8,9,10,5,3,2,6,7.0,Yes,3052588552.0,true,2017-02-13 16:09:46,2017-02-13 16:11:44,2f83ab359a,8,9.0,7.0,5.0,3.0,8,8.0,8,,private
250,70456c8fdf838039f04ace90bffafb7f,Female,1983,Post graduate degree,Employed for wages,"$60,000 to $69,999",7,4,7,7,7,9,9,9,9,9,7,9,9,2,6,4,7,9,9,8,8,9,9.0,Yes,1529705909.0,true,2017-02-13 17:39:10,2017-02-13 17:45:39,409fd94e74,7,7.0,9.0,9.0,7.0,7,4.0,7,,private
251,b6d9819b2e45e0864faeebcacabbec0b,Female,1985,High school graduate,A homemaker,"$60,000 to $69,999",9,6,8,9,7,8,7,2,8,8,9,7,5,5,10,5,3,8,7,6,9,6,7.0,Yes,9931123.0,true,2017-02-13 18:02:38,2017-02-13 18:05:44,7cb1bd0438,8,9.0,2.0,7.0,7.0,8,6.0,8,5.0,public
252,85299508f3aa7448b1bc1ca5c6ddc32b,Female,1980,College graduate,Employed for wages,"$50,000 to $59,999",7,5,7,10,8,10,8,9,10,10,0,8,8,4,8,2,7,10,10,10,10,10,10.0,Yes,3600521534.0,true,2017-02-13 21:14:27,2017-02-13 21:16:41,719bf59885,7,10.0,9.0,8.0,8.0,7,5.0,7,,private
253,5d62e6e04c5d90a93f21314264092b06,Male,1973,High school graduate,Unable to work,"Less than $10,000",4,6,3,7,5,3,2,7,5,7,3,2,2,8,5,6,9,1,7,3,6,3,4.0,Yes,1348649451.0,true,2017-02-14 05:53:11,2017-02-14 05:56:29,ca4457a1df,3,7.0,7.0,2.0,5.0,3,6.0,3,,private
254,ffba4e6a36bc0788948e7af023ce8a4f,Male,1986,College graduate,Self-employed,"Less than $10,000",10,3,10,10,10,10,10,7,10,10,0,10,10,1,10,2,0,10,10,10,10,10,10.0,Yes,2032642067.0,true,2017-02-14 09:33:59,2017-02-14 09:39:25,09c2b60cea,10,10.0,7.0,10.0,10.0,10,3.0,10,179.0,public
255,14ee61ffb1c68e19f985e610c66e55c1,Female,1990,High school graduate,Self-employed,"$30,000 to $39,999",5,5,8,8,10,9,8,5,5,8,5,10,10,8,7,3,5,8,10,10,8,8,10.0,Yes,4239188708.0,true,2017-02-14 12:30:38,2017-02-14 12:33:21,50aff8dbcc,8,8.0,5.0,8.0,10.0,8,5.0,8,26.0,public
256,95ece41b5498fe2ce36ba31702495be3,Male,1985,College graduate,Employed for wages,"Less than $10,000",8,6,8,7,8,9,9,6,8,8,7,8,8,5,6,5,4,8,7,8,8,9,8.0,Yes,1981406762.0,true,2017-02-14 12:59:04,2017-02-14 13:02:52,ee7dc6da17,8,7.0,6.0,9.0,8.0,8,6.0,8,10.0,public
257,da9c30286cbd8fececdfd5e6e4792512,Female,1990,College graduate,Out of work but not currently looking for work,"Less than $10,000",6,6,5,6,8,5,10,6,9,4,8,4,6,5,9,9,7,5,6,5,4,6,6.0,Yes,4631917422.0,true,2017-02-15 07:08:14,2017-02-15 07:13:01,9aecf3f7d4,5,6.0,6.0,10.0,8.0,5,6.0,5,,private
258,9e079de463a95422f73d4cd1453ffa59,Male,1970,High school graduate,Employed for wages,"Less than $10,000",7,7,6,6,6,10,9,9,7,10,7,6,8,4,5,5,5,6,4,7,6,9,5.0,No,2248592884.0,true,2017-02-15 18:46:17,2017-02-15 18:48:04,1ebcf6adf1,6,6.0,9.0,9.0,6.0,6,7.0,6,,private
259,df1a23a5583ebe7905beed2d8be1d863,Male,1920,Post graduate degree,Out of work but not currently looking for work,"$30,000 to $39,999",3,6,6,6,6,6,6,6,6,4,8,6,5,7,5,7,9,6,6,6,6,6,6.0,No,2248592884.0,true,2017-02-15 18:48:52,2017-02-15 18:50:14,1ebcf6adf1,6,6.0,6.0,6.0,6.0,6,6.0,6,,private
260,88311ad0a0cef98d4951e2087cea84f1,Male,1983,College graduate,Self-employed,I'd rather not disclose this information,8,6,8,6,8,9,8,8,7,6,4,8,8,8,7,5,5,8,8,7,7,7,8.0,No,1246980739.0,true,2017-02-16 02:28:43,2017-02-16 02:31:58,a56e57ab78,8,6.0,8.0,8.0,8.0,8,6.0,8,,private
261,5a04b6c1eb79d4cbcdfb71873f2c2e15,Female,1974,College graduate,Employed for wages,"$100,000 to $149,999",7,3,8,9,7,7,7,9,7,7,3,5,8,4,10,3,9,7,10,7,10,9,8.0,No,47285083.0,true,2017-02-16 15:40:16,2017-02-16 15:42:21,874d7bc2a0,8,9.0,9.0,7.0,7.0,8,3.0,8,,private
262,536c184112914034d921349e22220e4b,Female,1990,College graduate,Employed for wages,"$10,000 to $19,999",3,10,3,5,3,3,4,5,4,4,10,4,3,10,4,10,4,4,4,4,0,4,4.0,Yes,605489537.0,true,2017-02-16 20:14:36,2017-02-16 20:18:55,e899a94fe8,3,5.0,5.0,4.0,3.0,3,10.0,3,,private
263,44dea113fa447974b9c66c9434a1de72,Female,1994,College graduate,Employed for wages,"$90,000 to $99,999",8,9,6,10,5,5,7,8,7,5,8,5,6,8,10,8,9,5,6,6,4,5,7.0,Yes,275510681.0,true,2017-02-17 02:23:11,2017-02-17 02:24:35,37db019d4c,6,10.0,8.0,7.0,5.0,6,9.0,6,50.0,public
264,3db3d58a9dbef7f161bc6952777fadb2,Male,1991,College graduate,Self-employed,"Less than $10,000",6,9,8,9,2,8,5,10,6,8,6,6,8,4,8,2,10,8,10,2,10,8,7.0,Yes,2321879606.0,true,2017-02-17 02:28:04,2017-02-17 02:30:25,bd393f2b58,8,9.0,10.0,5.0,2.0,8,9.0,8,6.0,public
265,008ce9000fbc39d9e7e7b6db433686ff,Female,1990,College graduate,Self-employed,"$20,000 to $29,999",7,9,9,8,8,7,8,9,10,9,7,5,7,8,8,7,10,5,10,8,10,6,8.0,Yes,588452400.0,true,2017-02-17 07:06:31,2017-02-17 07:08:51,b0b902c06d,9,8.0,9.0,8.0,8.0,9,9.0,9,301.0,public
266,3ae2f65ec93182455a6d388a339b7933,Male,1993,Post graduate degree,A student,"$10,000 to $19,999",4,2,10,4,9,10,8,6,8,10,6,10,8,5,8,4,6,10,8,9,8,8,10.0,Yes,421474712.0,true,2017-02-18 02:13:50,2017-02-18 02:17:18,ad0091ede2,10,4.0,6.0,8.0,9.0,10,2.0,10,18.0,public
267,d6f4b1dfb0d752602aa16e5cf4dc3190,Female,1994,High school graduate,A homemaker,"$50,000 to $59,999",7,10,6,5,7,6,6,4,6,7,4,7,7,4,6,6,6,7,6,6,7,7,6.0,Yes,24823356.0,true,2017-02-18 02:54:05,2017-02-18 02:56:41,2b9fa8a29d,6,5.0,4.0,6.0,7.0,6,10.0,6,,private
268,ae0acffd5ab1b5d082d92001634035b0,Female,1988,College graduate,Employed for wages,"$30,000 to $39,999",8,7,8,8,5,6,7,9,6,6,9,5,6,2,8,6,9,5,9,6,8,8,8.0,Yes,1905491454.0,true,2017-02-18 16:42:11,2017-02-18 16:44:33,50ff72d9eb,8,8.0,9.0,7.0,5.0,8,7.0,8,47.0,public
269,ca895605480177fd9e2bf9cbf37ba5a3,Male,1989,Post graduate degree,Self-employed,"$20,000 to $29,999",10,8,9,8,10,10,10,8,10,10,2,10,10,5,10,5,8,10,10,10,10,10,10.0,Yes,1600397470.0,true,2017-02-18 21:34:42,2017-02-18 21:39:25,09c2b60cea,9,8.0,8.0,10.0,10.0,9,8.0,9,447.0,public
270,120047fc1ee5854f1f9d17498b165864,Female,1996,High school graduate,A student,"$10,000 to $19,999",8,6,5,8,6,8,8,9,6,8,6,10,7,3,10,3,9,8,10,9,6,5,7.0,Yes,3648088105.0,true,2017-02-18 23:22:38,2017-02-18 23:24:43,226dd0794f,5,8.0,9.0,8.0,6.0,5,6.0,5,20.0,public
271,bd358b80f59b6d0c7f5692b204a38525,Female,1984,College graduate,Employed for wages,"$100,000 to $149,999",5,4,8,9,10,8,10,10,9,10,0,7,9,2,10,2,0,10,10,10,8,8,8.0,Yes,1223036636.0,true,2017-02-20 01:32:08,2017-02-20 01:34:21,b15f9ad4c3,8,9.0,10.0,10.0,10.0,8,4.0,8,48.0,public
272,9e8e1fa9d94b567f88ae0a56258d2407,Male,1994,College graduate,Self-employed,"$50,000 to $59,999",7,6,4,7,7,6,9,7,7,7,5,4,7,6,6,4,7,5,8,4,8,4,7.0,Yes,1556973431.0,true,2017-02-20 01:38:32,2017-02-20 01:42:01,2c38401013,4,7.0,7.0,9.0,7.0,4,6.0,4,8.0,public
273,2a3c04936f0ff58c5a88381a39997000,Male,1990,College graduate,Employed for wages,"$30,000 to $39,999",6,8,5,8,4,5,4,6,3,6,7,5,6,6,4,5,5,6,5,3,8,5,5.0,No,533261422.0,true,2017-02-20 02:56:57,2017-02-20 02:59:08,ff9136957a,5,8.0,6.0,4.0,4.0,5,8.0,5,,private
274,5c8cecc4b056c9684cca21d1d5bf1a29,Male,1997,High school graduate,A student,"$40,000 to $49,999",8,8,6,8,6,8,5,7,6,9,7,5,6,3,5,8,8,7,5,5,3,3,4.0,Yes,26806695.0,true,2017-02-20 19:04:50,2017-02-20 19:06:56,f28a08bba3,6,8.0,7.0,5.0,6.0,6,8.0,6,,private
275,55490209c531a4af4ab52ce54d6986a4,Male,1998,Some high school,Employed for wages,"$10,000 to $19,999",10,8,7,6,2,9,8,6,5,6,5,4,6,2,6,6,3,6,5,5,5,5,4.0,No,15846730.0,true,2017-02-20 23:34:58,2017-02-20 23:37:04,b78fb93b77,7,6.0,6.0,8.0,2.0,7,8.0,7,,private
276,b74a67832325afde8b949675d82b7c19,Female,1990,College graduate,A student,"$10,000 to $19,999",3,8,3,2,8,1,2,3,4,1,5,6,7,8,10,0,1,2,3,4,5,3,5.0,Yes,4685098701.0,true,2017-02-21 14:04:24,2017-02-21 14:10:20,70c0c6c2af,3,2.0,3.0,2.0,8.0,3,8.0,3,,private
277,c93d368a3780cae484e87a312b2f36c2,Male,1989,College graduate,Self-employed,"$10,000 to $19,999",7,4,8,8,6,7,8,8,9,7,6,7,7,2,7,6,3,8,8,6,4,6,7.0,Yes,30837828.0,true,2017-02-22 06:11:19,2017-02-22 06:13:50,1f17e2b42f,8,8.0,8.0,8.0,6.0,8,4.0,8,548.0,public
278,18a29989384eea43b1e859e64bd99899,Female,1966,College graduate,Employed for wages,"$30,000 to $39,999",8,8,10,9,6,8,9,8,8,10,0,7,8,5,8,2,9,7,10,8,10,9,8.0,Yes,4323419417.0,true,2017-02-22 14:14:30,2017-02-22 14:17:05,1e497e8441,10,9.0,8.0,9.0,6.0,10,8.0,10,,private
279,2a14a0bfaa4af8e41252c26e6a4808fe,Female,1982,High school graduate,Self-employed,"Less than $10,000",4,9,4,6,6,5,5,7,3,6,3,6,4,7,5,6,5,7,5,7,2,6,4.0,Yes,265259184.0,true,2017-02-22 23:09:40,2017-02-22 23:11:28,c1b605b0db,4,6.0,7.0,5.0,6.0,4,9.0,4,,private
280,f67c579589ee85b91e681c90e987eeee,Female,1995,High school graduate,Out of work and looking for work,"Less than $10,000",4,5,5,5,5,5,5,5,5,8,9,3,4,2,2,5,5,4,5,5,5,5,5.0,No,2932434558.0,true,2017-02-23 15:58:00,2017-02-23 16:00:43,337a36523b,5,5.0,5.0,5.0,5.0,5,5.0,5,105.0,public
281,558e99e2f98d4317d1d683f9eb8c8a1b,Female,1997,High school graduate,A student,"$10,000 to $19,999",3,8,9,5,6,6,10,7,4,7,2,8,9,9,4,1,10,5,9,2,7,6,6.0,Yes,481709584.0,true,2017-02-24 01:31:42,2017-02-24 01:35:03,8538bfa2f2,9,5.0,7.0,10.0,6.0,9,8.0,9,176.0,public
282,a527dca78fc6ba9724743fbbd4c428af,Male,1985,College graduate,Employed for wages,"Less than $10,000",9,2,5,6,7,8,8,8,8,7,8,8,7,3,8,1,9,8,4,8,1,4,7.0,Yes,1954281521.0,true,2017-02-24 07:07:13,2017-02-24 07:12:16,76771e9039,5,6.0,8.0,8.0,7.0,5,2.0,5,,private
283,331d668f640d80384a587ac21db5ed9c,Female,1993,High school graduate,A homemaker,"Less than $10,000",7,9,9,10,7,4,10,4,10,10,7,3,8,6,10,6,6,3,9,6,6,5,7.0,Yes,242886474.0,true,2017-02-25 16:52:35,2017-02-25 16:55:05,a3e0e8713c,9,10.0,4.0,10.0,7.0,9,9.0,9,260.0,public
284,c25b00453ff8f9370e951337042dbb56,Male,1994,College graduate,Employed for wages,"$30,000 to $39,999",9,4,8,8,9,9,9,10,9,9,2,9,9,3,8,3,9,9,9,8,8,8,8.0,Yes,276232195.0,true,2017-02-26 17:32:54,2017-02-26 17:34:38,0dcfb9813d,8,8.0,10.0,9.0,9.0,8,4.0,8,427.0,public
285,8cce47755a24d93ecb94bfd7d2dede98,Female,1992,College graduate,Out of work but not currently looking for work,"$40,000 to $49,999",10,0,5,5,7,8,10,8,10,8,0,8,10,0,8,3,9,9,9,8,9,10,8.0,Yes,4149909836.0,true,2017-02-26 22:46:58,2017-02-26 22:48:33,c9f0a446a5,5,5.0,8.0,10.0,7.0,5,0.0,5,2.0,public
286,32a7b85933a07916878f5b4ed1eccaf8,Male,1993,High school graduate,Employed for wages,"$50,000 to $59,999",7,7,5,7,8,6,7,5,7,8,3,5,7,4,9,2,10,5,6,8,7,6,7.0,Yes,30191588.0,true,2017-02-26 23:55:32,2017-02-26 23:58:37,283de96c9d,5,7.0,5.0,7.0,8.0,5,7.0,5,72.0,public
287,667f65e94d43cf1ffa70e7813f27bc13,Male,1995,High school graduate,A student,"$30,000 to $39,999",4,8,5,4,2,5,4,2,0,2,10,4,3,6,5,8,6,4,1,0,2,0,4.0,Yes,1656427444.0,true,2017-02-28 00:27:16,2017-02-28 00:28:44,ca5fc3ac16,5,4.0,2.0,4.0,2.0,5,8.0,5,,private
288,9660491a2b4a2e478d43997113cce437,Female,1971,High school graduate,Unable to work,"$20,000 to $29,999",6,8,3,7,6,2,4,7,7,6,5,0,3,3,6,6,9,1,4,4,1,1,7.0,Yes,4661770160.0,true,2017-02-28 04:21:20,2017-02-28 04:25:16,dd1b13d525,3,7.0,7.0,4.0,6.0,3,8.0,3,,private
289,c5330b69a1ed9405fdc4669c03dae597,Male,1966,College graduate,Employed for wages,"$40,000 to $49,999",4,7,5,10,7,7,7,8,8,7,7,6,6,7,7,8,10,9,8,8,5,5,6.0,Yes,1586876042.0,true,2017-02-28 16:10:09,2017-02-28 16:12:39,a603d1e51f,5,10.0,8.0,7.0,7.0,5,7.0,5,,private
290,ed13ffe90eb4f81c3ec190a9babbe3b3,Male,1998,High school graduate,Self-employed,"Less than $10,000",3,2,4,1,7,9,5,8,10,5,3,8,7,2,7,2,3,8,7,8,6,5,6.0,Yes,1654216643.0,true,2017-02-28 16:31:39,2017-02-28 16:35:45,6f1dfa8e5a,4,1.0,8.0,5.0,7.0,4,2.0,4,109.0,public
291,8d4fada2394f86dddd0959430c8669a6,Female,1975,High school graduate,Self-employed,"$20,000 to $29,999",7,5,8,8,5,9,8,2,8,9,7,8,9,6,9,3,9,9,8,5,8,8,8.0,Yes,3417740025.0,true,2017-03-01 14:25:38,2017-03-01 14:28:55,6e4fa8932e,8,8.0,2.0,8.0,5.0,8,5.0,8,97.0,public
292,22158d7f6b91463888bca4a6357cbdda,Male,1989,College graduate,Self-employed,"$10,000 to $19,999",7,5,7,9,8,8,8,8,8,8,3,4,7,3,7,3,7,6,8,6,7,7,7.0,Yes,21636238.0,true,2017-03-01 21:11:20,2017-03-01 21:13:10,665d960875,7,9.0,8.0,8.0,8.0,7,5.0,7,,private
293,6cc4afc440a35b07a157afdb98fedf1b,Male,1998,High school graduate,Self-employed,"$40,000 to $49,999",9,2,7,7,10,10,10,8,10,10,2,9,8,7,8,5,5,9,9,8,9,7,8.0,Yes,45655555.0,true,2017-03-02 02:00:00,2017-03-02 02:01:32,1a3075a9ae,7,7.0,8.0,10.0,10.0,7,2.0,7,22.0,public
294,a4f622631e45ee023b2861d8207423eb,Female,1958,High school graduate,Self-employed,"$40,000 to $49,999",7,4,9,7,7,8,9,7,9,9,2,7,9,1,9,3,5,8,10,8,8,8,9.0,Yes,4685174941.0,true,2017-03-02 13:59:37,2017-03-02 14:02:36,92673da62f,9,7.0,7.0,9.0,7.0,9,4.0,9,,private
295,755516911d80082c80dadade131bcc48,Male,1985,Post graduate degree,Employed for wages,"$50,000 to $59,999",8,7,9,9,9,7,10,7,10,9,0,7,9,5,8,2,10,7,10,9,10,8,9.0,Yes,546136371.0,true,2017-03-02 17:21:56,2017-03-02 17:23:42,b41cc8a8a3,9,9.0,7.0,10.0,9.0,9,7.0,9,,private
296,9835104de559ccbf9ce2fa5c7a044add,Male,1990,Post graduate degree,Out of work and looking for work,"Less than $10,000",6,4,7,6,6,7,7,6,6,7,6,6,7,6,6,5,5,7,4,6,7,6,6.0,No,2377198782.0,true,2017-03-02 20:25:19,2017-03-02 20:26:27,2cb5dc1419,7,6.0,6.0,7.0,6.0,7,4.0,7,,private
297,beee76c8e5770f7d316e72b3ecc98016,Male,1995,High school graduate,A student,I'd rather not disclose this information,2,7,3,8,5,5,5,7,6,6,7,7,5,5,7,7,8,5,7,7,5,7,5.0,No,1976682131.0,true,2017-03-03 03:03:06,2017-03-03 03:07:31,48de6c9ac4,3,8.0,7.0,5.0,5.0,3,7.0,3,144.0,public
298,ef1b8e11f7e5412828f2c1ffcd55f1e3,Female,1995,High school graduate,A homemaker,"$20,000 to $29,999",6,8,5,6,6,6,9,6,7,6,6,6,5,7,8,7,6,6,6,6,5,5,6.0,Yes,3116297715.0,true,2017-03-03 15:04:41,2017-03-03 15:06:24,b24e85c9ab,5,6.0,6.0,9.0,6.0,5,8.0,5,,private
299,e5fd799fff854684979ccbd7cb13ff94,Male,1977,College graduate,Employed for wages,"$50,000 to $59,999",8,6,8,10,7,9,8,10,9,10,5,9,8,3,8,6,9,10,10,8,9,9,8.0,Yes,4749950946.0,true,2017-03-03 16:17:18,2017-03-03 16:19:37,e59efb51cc,8,10.0,10.0,8.0,7.0,8,6.0,8,,private
300,8ee445c1c56f85030c33a0d18e4f597e,Male,1980,High school graduate,Out of work and looking for work,"$20,000 to $29,999",8,9,7,10,9,4,8,0,8,8,9,3,10,5,6,5,10,5,0,3,4,7,7.0,Yes,686266819.0,true,2017-03-03 19:35:02,2017-03-03 19:37:39,7ca5af45bd,7,10.0,0.0,8.0,9.0,7,9.0,7,,private
301,958961439eca3e51f126549572a510a6,Male,1983,High school graduate,Employed for wages,"$20,000 to $29,999",8,2,8,8,8,8,8,9,8,8,2,7,8,2,7,2,2,9,8,8,9,9,8.0,Yes,4758773619.0,true,2017-03-04 00:50:33,2017-03-04 00:53:00,4c092346b7,8,8.0,9.0,8.0,8.0,8,2.0,8,,private
302,f30e8992b09dc946be025ec96c61cfa5,Male,1985,College graduate,Employed for wages,"$30,000 to $39,999",8,1,9,9,9,8,10,7,10,10,7,6,10,1,10,2,9,10,9,10,8,8,9.0,Yes,1649725615.0,true,2017-03-05 04:42:49,2017-03-05 04:45:44,4772f34643,9,9.0,7.0,10.0,9.0,9,1.0,9,,private
303,c6bd75e9dbe842ca83592343494b9bd6,Female,1958,College graduate,Self-employed,"$20,000 to $29,999",5,10,4,10,6,3,4,1,3,5,10,3,4,9,9,9,9,7,1,5,4,3,3.0,Yes,49519677.0,true,2017-03-06 19:29:34,2017-03-06 19:31:46,8029abd995,4,10.0,1.0,4.0,6.0,4,10.0,4,16.0,public
304,9ce00751baa17a761bbcc546fa5d4e6d,Female,1989,High school graduate,Out of work and looking for work,"$40,000 to $49,999",5,8,5,8,3,5,8,7,0,5,10,3,5,7,9,9,6,5,3,0,0,0,1.0,Yes,190011156.0,true,2017-03-06 23:49:09,2017-03-06 23:51:06,369fbe14ac,5,8.0,7.0,8.0,3.0,5,8.0,5,368.0,public
305,0f2054cbeb798398a89f8de3e66724db,Female,1969,College graduate,Employed for wages,"$20,000 to $29,999",8,4,9,7,6,8,7,6,5,8,3,6,7,4,5,3,6,7,6,6,7,5,7.0,Yes,462596467.0,true,2017-03-07 08:25:35,2017-03-07 08:28:56,f894515320,9,7.0,6.0,7.0,6.0,9,4.0,9,,private
306,f993dca0781c7c1c67f28ffcbf7c45ea,Male,1995,Some high school,Self-employed,"$10,000 to $19,999",7,5,4,7,7,5,6,3,4,5,10,2,3,5,10,0,7,1,7,7,2,10,4.0,No,4249629173.0,true,2017-03-07 09:51:03,2017-03-07 09:53:31,712ecef637,4,7.0,3.0,6.0,7.0,4,5.0,4,45.0,public
307,f886bf762c0202d8f5cfd3701e39816b,Female,1995,High school graduate,Self-employed,"Less than $10,000",7,4,7,5,8,7,10,7,8,7,0,7,8,6,9,1,10,5,10,5,8,5,7.0,Yes,345248280.0,true,2017-03-07 18:53:14,2017-03-07 18:57:05,3b6ca3c10b,7,5.0,7.0,10.0,8.0,7,4.0,7,82.0,public
308,d99077af623749161a83e2aef4d2b176,Female,1981,College graduate,Out of work and looking for work,"$50,000 to $59,999",7,6,6,7,5,7,6,7,7,7,5,4,6,5,7,5,7,6,8,7,7,7,7.0,Yes,372088523.0,true,2017-03-08 18:57:09,2017-03-08 18:59:23,b516b0baf1,6,7.0,7.0,6.0,5.0,6,6.0,6,1292.0,public
309,eb089a8d0fae113e6dafe6910e687cbb,Male,1990,High school graduate,Self-employed,"$20,000 to $29,999",5,7,5,5,3,3,4,2,2,6,5,3,4,6,5,7,6,5,6,1,6,3,4.0,Yes,3307208767.0,true,2017-03-10 11:52:59,2017-03-10 11:55:35,36f776e062,5,5.0,2.0,4.0,3.0,5,7.0,5,,private
310,3055d137c9f0800cca115462d488c8f9,Male,1988,Post graduate degree,Self-employed,"$50,000 to $59,999",7,2,2,8,9,9,10,10,10,10,3,7,6,5,8,7,9,10,9,2,9,5,7.0,Yes,1191124523.0,true,2017-03-10 19:35:35,2017-03-10 19:37:19,fc99b90ad1,2,8.0,10.0,10.0,9.0,2,2.0,2,,private
311,b5f4e9e5e428d7cc0b085f83371a8219,Male,1993,College graduate,Self-employed,"$90,000 to $99,999",9,2,9,5,9,9,9,4,9,9,1,9,9,10,9,4,9,9,10,10,9,5,9.0,Yes,4789190546.0,true,2017-03-10 22:00:50,2017-03-10 22:04:56,1f733e8788,9,5.0,4.0,9.0,9.0,9,2.0,9,,private
312,85f10a6f0e39a25c7441974193a71642,Female,1989,High school graduate,Employed for wages,"$30,000 to $39,999",0,8,3,5,1,0,0,4,0,3,8,0,4,5,6,8,5,0,3,0,0,0,0.0,Yes,1440030357.0,true,2017-03-11 20:01:52,2017-03-11 20:04:57,5badad3b77,3,5.0,4.0,0.0,1.0,3,8.0,3,,private
313,c74d9881d29abb83d2d7b60ff9f54474,Female,1987,High school graduate,Out of work and looking for work,"$40,000 to $49,999",5,7,4,8,5,4,4,5,5,6,3,4,5,4,7,6,8,5,4,5,4,4,3.0,Yes,4801067720.0,true,2017-03-12 18:23:09,2017-03-12 18:26:17,4a379b3222,4,8.0,5.0,4.0,5.0,4,7.0,4,,private
314,795ce1b6628f2038a70e9e8c5e558673,Female,1966,High school graduate,Self-employed,"$80,000 to $89,999",8,5,9,9,7,8,10,9,9,8,1,7,9,2,9,1,9,5,10,9,10,10,9.0,Yes,4361943417.0,true,2017-03-13 16:31:27,2017-03-13 16:33:25,d66a72d26a,9,9.0,9.0,10.0,7.0,9,5.0,9,,private
315,0bf5d535cd07ab28bdc4ac85a728521e,Male,1971,College graduate,Employed for wages,"$40,000 to $49,999",6,3,5,8,5,5,6,0,3,4,0,5,6,7,7,1,5,7,5,5,1,7,7.0,Yes,1577494782.0,true,2017-03-13 18:24:25,2017-03-13 18:32:05,8f38b23887,5,8.0,0.0,6.0,5.0,5,3.0,5,,private
316,27d8eb99e57635ef3f1c6b9f9ce428e8,Male,1997,High school graduate,A student,"Less than $10,000",8,9,5,9,7,5,7,3,6,7,3,3,7,5,8,1,10,3,10,4,6,2,7.0,No,491778331.0,true,2017-03-15 03:15:09,2017-03-15 03:17:16,7d34cbf957,5,9.0,3.0,7.0,7.0,5,9.0,5,,private
317,201de306bae7b4a631b65f40072e0dfa,Female,1980,Post graduate degree,Employed for wages,"$20,000 to $29,999",7,5,8,7,9,9,6,5,8,9,8,8,10,7,10,4,5,7,8,7,9,9,8.0,No,4826489319.0,true,2017-03-15 05:16:45,2017-03-15 05:24:17,9af5140614,8,7.0,5.0,6.0,9.0,8,5.0,8,,private
318,5839a4fc9479a9b23747536ea5232133,Male,1990,Post graduate degree,Out of work but not currently looking for work,"$70,000 to $79,999",8,5,7,8,9,7,9,7,8,7,5,7,9,6,8,6,6,7,8,7,7,6,7.0,Yes,4831113241.0,true,2017-03-15 16:41:17,2017-03-15 16:49:41,428d6e2673,7,8.0,7.0,9.0,9.0,7,5.0,7,,private
319,5ea5607229b339a7cee33b413a3586e5,Female,1988,College graduate,Self-employed,"$70,000 to $79,999",3,10,6,5,8,4,9,10,9,10,5,4,10,6,9,7,10,8,10,10,10,10,10.0,No,1901242351.0,true,2017-03-16 15:53:18,2017-03-16 16:02:29,c622da0c99,6,5.0,10.0,9.0,8.0,6,10.0,6,240.0,public
320,d2faacd6423135d037a3a84a31421854,Male,1998,High school graduate,Employed for wages,"$10,000 to $19,999",7,9,7,4,6,4,6,7,5,8,2,6,9,4,8,3,8,5,7,7,8,7,8.0,Yes,3898534831.0,true,2017-03-16 19:13:23,2017-03-16 19:15:47,0b17932878,7,4.0,7.0,6.0,6.0,7,9.0,7,,private
321,a61d5b0ae0c024fcb7195d415277bae2,Male,1990,College graduate,Employed for wages,"$80,000 to $89,999",7,4,9,7,6,10,10,10,9,9,4,10,9,6,8,6,5,8,9,9,10,6,9.0,Yes,4372264929.0,true,2017-03-16 21:00:42,2017-03-16 21:02:48,598684718d,9,7.0,10.0,10.0,6.0,9,4.0,9,,private
322,f1078180c68c33ca4f9eb90bb5caeae8,Female,1992,High school graduate,Employed for wages,"Less than $10,000",7,6,8,8,8,7,7,7,7,7,7,8,8,3,9,3,2,5,6,8,4,5,8.0,Yes,1620631389.0,true,2017-03-17 06:59:46,2017-03-17 07:05:17,fef62bb584,8,8.0,7.0,7.0,8.0,8,6.0,8,,private
323,2759750c4e25cfce75ff6a5810cce3ad,Female,1986,High school graduate,Employed for wages,"$10,000 to $19,999",6,8,6,8,5,7,6,5,5,6,9,4,5,6,6,9,7,3,4,4,2,4,3.0,Yes,2091147301.0,true,2017-03-17 22:46:11,2017-03-17 22:49:17,e9fbd4a4cd,6,8.0,5.0,6.0,5.0,6,8.0,6,,private
324,e86c6beed0b79cbea5975267f5389be8,Male,1986,College graduate,Employed for wages,"$40,000 to $49,999",6,2,8,3,6,8,7,5,6,7,4,6,7,3,6,2,5,7,8,6,6,8,8.0,Yes,20621627.0,true,2017-03-18 03:15:26,2017-03-18 03:17:09,cc39a8bf7e,8,3.0,5.0,7.0,6.0,8,2.0,8,125.0,public
325,4242b1a957ee48068acb807da7e0ccb7,Female,2000,Some high school,A student,I'd rather not disclose this information,6,10,3,6,4,8,7,9,2,3,9,8,3,7,7,9,9,8,7,3,6,5,5.0,Yes,2243272593.0,true,2017-03-18 21:29:33,2017-03-18 21:33:32,86c55df3cd,3,6.0,9.0,7.0,4.0,3,10.0,3,,private
326,d2a8a752c021cfc4625de5609ef4dfc5,Male,1992,College graduate,Employed for wages,"$100,000 to $149,999",8,5,7,7,8,7,7,10,8,10,3,6,7,4,9,3,10,7,8,8,8,7,8.0,Yes,3313623552.0,true,2017-03-19 03:49:21,2017-03-19 03:52:29,30a5ac8125,7,7.0,10.0,7.0,8.0,7,5.0,7,,private
327,2f2792e13a8a1943c03b953d407ccc41,Male,1998,High school graduate,A student,"Less than $10,000",8,4,6,10,8,9,10,8,10,10,2,10,8,4,10,4,6,10,10,10,10,10,8.0,Yes,325893678.0,true,2017-03-22 03:31:24,2017-03-22 03:33:59,b280b3577d,6,10.0,8.0,10.0,8.0,6,4.0,6,112.0,public
328,0d46831b5a6cd84aa0afc9bb7d9d33ba,Female,1992,College graduate,Out of work and looking for work,"$10,000 to $19,999",7,5,4,9,6,10,6,9,8,9,2,8,5,4,8,7,8,8,8,7,8,4,6.0,Yes,531942752.0,true,2017-03-22 03:28:55,2017-03-22 03:34:28,f38cd47561,4,9.0,9.0,6.0,6.0,4,5.0,4,65.0,public
329,5c00241efe438d0b0ee4ecb44542ff5c,Female,1979,College graduate,Self-employed,"$30,000 to $39,999",8,7,6,9,8,7,8,4,8,8,6,4,7,3,9,3,9,5,7,8,8,7,8.0,Yes,545497348.0,true,2017-03-22 04:04:02,2017-03-22 04:07:08,d4a6e64bf5,6,9.0,4.0,8.0,8.0,6,7.0,6,505.0,public
330,fffe0bd1b442ee764077f73d65e86d3f,Male,1996,High school graduate,Employed for wages,"$20,000 to $29,999",5,3,6,6,4,6,3,3,7,7,1,3,7,3,4,1,7,6,5,4,3,0,3.0,Yes,4872039153.0,true,2017-03-22 16:00:09,2017-03-22 16:04:32,7b7a27d854,6,6.0,3.0,3.0,4.0,6,3.0,6,,private
331,d0dca9baf3663c92f61b47aa56454390,Male,1991,College graduate,Self-employed,"$30,000 to $39,999",7,7,6,8,8,7,4,7,6,7,4,8,8,5,6,5,4,8,7,7,3,5,7.0,Yes,4081670091.0,true,2017-03-23 15:11:19,2017-03-23 15:16:17,7394c6dff7,6,8.0,7.0,4.0,8.0,6,7.0,6,,private
